insert into member_user values ( mem_seq.nextval, 'pie1111', '$2a$10$1Eec5V7dJmElyBYrTlK1Au/4.1M9zdLQM4Yq6T0JVyms6dtfXq0P.', '1234', '김파이1111', '김파이1111', 'none', 'pr1.png', 'pie1111@gmail.com', '010-1111-1111', '06314', '서울 강남구 논현로4길 39 (한빛빌라)', '105호', '1', null, 'none', TO_DATE('20240215','YYYYMMDD'), TO_DATE(TO_CHAR(SYSDATE, 'YYYYMMDD') || ' 10:20:00', 'YYYYMMDD HH24:MI:SS'));
insert into member_user values ( mem_seq.nextval, 'pie1112', '$2a$10$4BsUWVl.fmaBQRZ5hcEyberN1nEWmj.tdZiZVt1Obisb1IHxMTMdC', '1234', '김파이1112', '김파이1112', 'none', 'pr2.png', 'pie1112@naver.com', '010-1112-1112', '06314', '서울 강남구 논현로 4', '105호', '1', null, 'none', TO_DATE('19000101','YYYYMMDD'), TO_DATE('19000101','YYYYMMDD'));
insert into member_user values ( mem_seq.nextval, 'pie1113', '$2a$10$ZqaEpZG.JddoPYYG8JWTZekfFqaoc8MTcI31WbGKPJrqOSj/NS60i', '1234', '김파이1113', '김파이1113', 'none', 'pr3.png', 'pie1113@daum.net', '010-1113-1113', '06314', '서울 강남구 논현로 6 (혜정빌딩)', '105호', '1', null, 'none', TO_DATE('19000101','YYYYMMDD'), TO_DATE('19000101','YYYYMMDD'));
insert into member_user values ( mem_seq.nextval, 'pie1114', '$2a$10$CpqcDnCruZoCnhZh/s1cKeK6x0ngK.C5vaSbxy9a5F8rTg4J/sUly', '1234', '김파이1114', '김파이1114', 'none', 'pr4.png', 'pie1114@pie.com', '010-1114-1114', '06314', '서울 강남구 논현로 8 (서흥빌딩)', '105호', '1', null, 'none', TO_DATE('19000101','YYYYMMDD'), TO_DATE('19000101','YYYYMMDD'));
insert into member_user values ( mem_seq.nextval, 'pie1115', '1234', '1234', '김파이1115', '김파이1115', 'none', 'pr5.png', 'pie1115@gmail.com', '010-1115-1115', '06315', '서울 강남구 논현로 10', '106호', '1', null, 'none', TO_DATE('19000101','YYYYMMDD'), TO_DATE('19000101','YYYYMMDD'));
insert into member_user values ( mem_seq.nextval, 'pie1116', '$2a$10$IaHJb7peo4G8H28p6hCgYelt3VdKzwu3zlyLlmaAFglfVEuRCuVH.', '1234', '김파이1116', '김파이1116', 'none', 'pr6.png', 'pie1116@naver.com', '010-1116-1116', '06316', '서울 강남구 논현로 12', '107호', '1', null, 'none', TO_DATE('19000101','YYYYMMDD'), TO_DATE('19000101','YYYYMMDD'));
insert into member_user values ( mem_seq.nextval, 'pie1117', '$2a$10$nHsY2HBqjfS6W1dZSCGFcuMWBBB.SqidJhnFWdNnq/I9Bd2UIqlfO', '1234', '김파이1117', '김파이1117', 'none', 'pr7.png', 'pie1117@daum.net', '010-1117-1117', '06317', '서울 강남구 논현로 14', '108호', '1', null, 'none', TO_DATE('19000101','YYYYMMDD'), TO_DATE('19000101','YYYYMMDD'));
insert into member_user values ( mem_seq.nextval, 'pie1118', '$2a$10$Le70FYcB0XnYsQMSTSauludd25S5FkWvhFtMgAhu2v48BHcniYdS.', '1234', '김파이1118', '김파이1118', 'none', 'pr8.png', 'pie1118@pie.com', '010-1118-1118', '06318', '서울 강남구 논현로 16', '109호', '1', null, 'none', TO_DATE('19000101','YYYYMMDD'), TO_DATE('19000101','YYYYMMDD'));
insert into member_user values ( mem_seq.nextval, 'pie1119', '$2a$10$JZIrmvvlgtUyendkjfddK.7XrxDNo2EBaYZonCNmXq8QfB0Vpzp.W', '1234', '김파이1119', '김파이1119', 'none', 'pr9.png', 'pie1119@gmail.com', '010-1119-1119', '06319', '서울 강남구 논현로 18 (지수빌딩)', '110호', '1', null, 'none', TO_DATE('19000101','YYYYMMDD'), TO_DATE('19000101','YYYYMMDD'));
insert into member_user values ( mem_seq.nextval, 'pie1120', '$2a$10$1r9MZ8upE00m87draWCdFONuHJdG3MDrPp41jnh.6DGOKbnxCJuQ2', '1234', '김파이1120', '김파이1120', 'none', 'pr10.png', 'pie1120@naver.com', '010-1120-1120', '06320', '서울 강남구 논현로 32', '111호', '1', null, 'none', TO_DATE('19000101','YYYYMMDD'), TO_DATE('19000101','YYYYMMDD'));
insert into member_user values ( mem_seq.nextval, 'pie1121', '$2a$10$/4n19MT11Uy/v8fiAj0C.Op6qhNXaerBEiHQ31CFgADhgcMqHXKC2', '1234', '김파이1121', '김파이1121', 'none', 'pr11.png', 'pie1121@daum.net', '010-1121-1121', '06321', '서울 강남구 논현로 34 (썬테크빌딩)', '112호', '1', null, 'none', TO_DATE('19000101','YYYYMMDD'), TO_DATE('19000101','YYYYMMDD'));
insert into member_user values ( mem_seq.nextval, 'pie1122', '$2a$10$8Ojda./3/bM6EqhDqUDoFO4SjZAt7HRZOeyAJtTjQppfAsj.JnVAG', '1234', '김파이1122', '김파이1122', 'none', 'pr12.png', 'pie1122@pie.com', '010-1122-1122', '06322', '서울 강남구 논현로 36', '113호', '1', null, 'none', TO_DATE('19000101','YYYYMMDD'), TO_DATE('19000101','YYYYMMDD'));
insert into member_user values ( mem_seq.nextval, 'pie1123', '$2a$10$Z71Dw4JEmGPhi2WHa9Rrm.EPi7RV4FOJ3SMbGGiG4mOJ2Z0ln.tYa', '1234', '김파이1123', '김파이1123', 'none', 'pr13.png', 'pie1123@gmail.com', '010-1123-1123', '06323', '서울 강남구 논현로 38 (다우빌딩)', '114호', '1', null, 'none', TO_DATE('19000101','YYYYMMDD'), TO_DATE('19000101','YYYYMMDD'));
insert into member_user values ( mem_seq.nextval, 'pie1124', '1234', '1234', '김파이1124', '김파이1124', 'none', 'pr14.png', 'pie1124@naver.com', '010-1124-1124', '06324', '서울 강남구 논현로 40 (메이븐빌딩)', '115호', '1', null, 'none', TO_DATE('19000101','YYYYMMDD'), TO_DATE('19000101','YYYYMMDD'));
insert into member_user values ( mem_seq.nextval, 'pie1125', '1234', '1234', '김파이1125', '김파이1125', 'none', 'pr15.png', 'pie1125@daum.net', '010-1125-1125', '06325', '서울 강남구 논현로 40-2', '116호', '1', null, 'none', TO_DATE('19000101','YYYYMMDD'), TO_DATE('19000101','YYYYMMDD'));
insert into member_user values ( mem_seq.nextval, 'pie1126', '1234', '1234', '김파이1126', '김파이1126', 'none', 'pr16.png', 'pie1126@pie.com', '010-1126-1126', '06326', '서울 강남구 논현로 42 (글로리빌딩)', '117호', '1', null, 'none', TO_DATE('19000101','YYYYMMDD'), TO_DATE('19000101','YYYYMMDD'));
insert into member_user values ( mem_seq.nextval, 'pie1127', '1234', '1234', '김파이1127', '김파이1127', 'none', 'pr17.png', 'pie1127@gmail.com', '010-1127-1127', '06327', '서울 강남구 논현로 44 (우신빌딩)', '118호', '1', null, 'none', TO_DATE('19000101','YYYYMMDD'), TO_DATE('19000101','YYYYMMDD'));
insert into member_user values ( mem_seq.nextval, 'pie1128', '1234', '1234', '김파이1128', '김파이1128', 'none', 'pr18.png', 'pie1128@naver.com', '010-1128-1128', '06328', '서울 강남구 논현로 46 (쌍봉빌딩)', '119호', '1', null, 'none', TO_DATE('19000101','YYYYMMDD'), TO_DATE('19000101','YYYYMMDD'));
insert into member_user values ( mem_seq.nextval, 'pie1129', '1234', '1234', '김파이1129', '김파이1129', 'none', 'pr19.png', 'pie1129@daum.net', '010-1129-1129', '06329', '서울 강남구 논현로 48', '120호', '1', null, 'none', TO_DATE('19000101','YYYYMMDD'), TO_DATE('19000101','YYYYMMDD'));
insert into member_user values ( mem_seq.nextval, 'pie1130', '1234', '1234', '김파이1130', '김파이1130', 'none', 'pr20.png', 'pie1130@pie.com', '010-1130-1130', '06330', '서울 강남구 논현로 50 (한영빌딩)', '121호', '1', null, 'none', TO_DATE('19000101','YYYYMMDD'), TO_DATE('19000101','YYYYMMDD'));
insert into member_user values ( mem_seq.nextval, 'pie1131', '1234', '1234', '김파이1131', '김파이1131', 'none', 'pr21.png', 'pie1131@gmail.com', '010-1131-1131', '06331', '서울 강남구 논현로 52 (남현빌딩)', '122호', '1', null, 'none', TO_DATE('19000101','YYYYMMDD'), TO_DATE('19000101','YYYYMMDD'));
insert into member_user values ( mem_seq.nextval, 'pie1132', '1234', '1234', '김파이1132', '김파이1132', 'none', 'pr22.png', 'pie1132@naver.com', '010-1132-1132', '06332', '서울 강남구 논현로 54 (연아빌딩)', '123호', '1', null, 'none', TO_DATE('19000101','YYYYMMDD'), TO_DATE('19000101','YYYYMMDD'));
insert into member_user values ( mem_seq.nextval, 'pie1133', '1234', '1234', '김파이1133', '김파이1133', 'none', 'pr23.png', 'pie1133@daum.net', '010-1133-1133', '06333', '서울 강남구 논현로 56', '124호', '1', null, 'none', TO_DATE('19000101','YYYYMMDD'), TO_DATE('19000101','YYYYMMDD'));
insert into member_user values ( mem_seq.nextval, 'pie1134', '1234', '1234', '김파이1134', '김파이1134', 'none', 'pr24.png', 'pie1134@pie.com', '010-1134-1134', '06334', '서울 강남구 논현로 58 (TS빌딩)', '125호', '1', null, 'none', TO_DATE('19000101','YYYYMMDD'), TO_DATE('19000101','YYYYMMDD'));
insert into member_user values ( mem_seq.nextval, 'pie1135', '1234', '1234', '김파이1135', '김파이1135', 'none', 'pr25.png', 'pie1135@gmail.com', '010-1135-1135', '06335', '서울 강남구 논현로 60 (영광빌딩)', '126호', '1', null, 'none', TO_DATE('19000101','YYYYMMDD'), TO_DATE('19000101','YYYYMMDD'));
insert into member_user values ( mem_seq.nextval, 'pie1136', '1234', '1234', '김파이1136', '김파이1136', 'none', 'pr26.png', 'pie1136@naver.com', '010-1136-1136', '06336', '서울 강남구 논현로 130 (다남빌딩)', '127호', '1', null, 'none', TO_DATE('19000101','YYYYMMDD'), TO_DATE('19000101','YYYYMMDD'));
insert into member_user values ( mem_seq.nextval, 'pie1137', '1234', '1234', '김파이1137', '김파이1137', 'none', 'pr27.png', 'pie1137@daum.net', '010-1137-1137', '06337', '서울 강남구 논현로 132 (에스엔제이빌딩)', '128호', '1', null, 'none', TO_DATE('19000101','YYYYMMDD'), TO_DATE('19000101','YYYYMMDD'));
insert into member_user values ( mem_seq.nextval, 'pie1138', '1234', '1234', '김파이1138', '김파이1138', 'none', 'pr28.png', 'pie1138@pie.com', '010-1138-1138', '06338', '서울 강남구 논현로 134 (연산MS)', '129호', '1', null, 'none', TO_DATE('19000101','YYYYMMDD'), TO_DATE('19000101','YYYYMMDD'));
insert into member_user values ( mem_seq.nextval, 'pie1139', '1234', '1234', '김파이1139', '김파이1139', 'none', 'pr29.png', 'pie1139@gmail.com', '010-1139-1139', '06339', '서울 강남구 논현로 160', '130호', '1', null, 'none', TO_DATE('19000101','YYYYMMDD'), TO_DATE('19000101','YYYYMMDD'));
insert into member_user values ( mem_seq.nextval, 'pie1140', '1234', '1234', '김파이1140', '김파이1140', 'none', 'default.png', 'pie1140@naver.com', '010-1140-1140', '06340', '서울 강남구 논현로 164 (유니북스빌딩)', '131호', '1', null, 'none', TO_DATE('19000101','YYYYMMDD'), TO_DATE('19000101','YYYYMMDD'));
insert into member_user values ( mem_seq.nextval, 'pie1141', '1234', '1234', '김파이1141', '김파이1141', 'none', 'default.png', 'pie1141@daum.net', '010-1141-1141', '06341', '서울 강남구 논현로 166 (풍양빌딩)', '132호', '1', null, 'none', TO_DATE('19000101','YYYYMMDD'), TO_DATE('19000101','YYYYMMDD'));
insert into member_user values ( mem_seq.nextval, 'pie1142', '1234', '1234', '김파이1142', '김파이1142', 'none', 'default.png', 'pie1142@pie.com', '010-1142-1142', '06342', '서울 강남구 논현로 168 (은하수빌딩)', '133호', '1', null, 'none', TO_DATE('19000101','YYYYMMDD'), TO_DATE('19000101','YYYYMMDD'));
insert into member_user values ( mem_seq.nextval, 'pie1143', '1234', '1234', '김파이1143', '김파이1143', 'none', 'default.png', 'pie1143@gmail.com', '010-1143-1143', '06343', '서울 강남구 논현로 170 (서연빌딩)', '134호', '1', null, 'none', TO_DATE('19000101','YYYYMMDD'), TO_DATE('19000101','YYYYMMDD'));
insert into member_user values ( mem_seq.nextval, 'pie1144', '1234', '1234', '김파이1144', '김파이1144', 'none', 'default.png', 'pie1144@naver.com', '010-1144-1144', '06344', '서울 강남구 논현로 307', '135호', '1', null, 'none', TO_DATE('19000101','YYYYMMDD'), TO_DATE('19000101','YYYYMMDD'));
insert into member_user values ( mem_seq.nextval, 'pie1145', '1234', '1234', '김파이1145', '김파이1145', 'none', 'default.png', 'pie1145@daum.net', '010-1145-1145', '06345', '서울 강남구 논현로 308', '136호', '1', null, 'none', TO_DATE('19000101','YYYYMMDD'), TO_DATE('19000101','YYYYMMDD'));
insert into member_user values ( mem_seq.nextval, 'pie1146', '$2a$10$KhaI27ySjARZfizHGKbfweAbPIU4JnJVgVVP5d8lDq6BRUFpiZ8Di', '1234', '김파이1146', '김파이1146', 'none', 'default.png', 'pie1146@pie.com', '010-1146-1146', '06346', '서울 강남구 논현로 309 (남일빌딩)', '137호', '1', null, 'none', TO_DATE('19000101','YYYYMMDD'), TO_DATE('19000101','YYYYMMDD'));
insert into member_user values ( mem_seq.nextval, 'pie1147', '1234', '1234', '김파이1147', '김파이1147', 'none', 'default.png', 'pie1147@gmail.com', '010-1147-1147', '06347', '서울 강남구 논현로 317', '138호', '1', null, 'none', TO_DATE('19000101','YYYYMMDD'), TO_DATE('19000101','YYYYMMDD'));
insert into member_user values ( mem_seq.nextval, 'pie1148', '1234', '1234', '김파이1148', '김파이1148', 'none', 'default.png', 'pie1148@naver.com', '010-1148-1148', '06348', '서울 강남구 논현로 325', '139호', '1', null, 'none', TO_DATE('19000101','YYYYMMDD'), TO_DATE('19000101','YYYYMMDD'));
insert into member_user values ( mem_seq.nextval, 'pie1149', '1234', '1234', '김파이1149', '김파이1149', 'none', 'default.png', 'pie1149@daum.net', '010-1149-1149', '06349', '서울 강남구 논현로 326 (삼미빌딩)', '140호', '1', null, 'none', TO_DATE('19000101','YYYYMMDD'), TO_DATE('19000101','YYYYMMDD'));
insert into member_user values ( mem_seq.nextval, 'pie1150', '1234', '1234', '김파이1150', '김파이1150', 'none', 'default.png', 'pie1150@pie.com', '010-1150-1150', '06350', '서울 강남구 논현로 329', '141호', '1', null, 'none', TO_DATE('19000101','YYYYMMDD'), TO_DATE('19000101','YYYYMMDD'));
insert into member_user values ( mem_seq.nextval, 'pie1151', '1234', '1234', '김파이1151', '김파이1151', 'none', 'default.png', 'pie1151@gmail.com', '010-1151-1151', '06351', '서울 강남구 논현로 333 (역삼빌딩)', '142호', '1', null, 'none', TO_DATE('19000101','YYYYMMDD'), TO_DATE('19000101','YYYYMMDD'));
insert into member_user values ( mem_seq.nextval, 'pie1152', '1234', '1234', '김파이1152', '김파이1152', 'none', 'default.png', 'pie1152@naver.com', '010-1152-1152', '06352', '서울 강남구 논현로 336 (건일빌딩)', '143호', '1', null, 'none', TO_DATE('19000101','YYYYMMDD'), TO_DATE('19000101','YYYYMMDD'));
insert into member_user values ( mem_seq.nextval, 'pie1153', '1234', '1234', '김파이1153', '김파이1153', 'none', 'default.png', 'pie1153@daum.net', '010-1153-1153', '06353', '서울 강남구 논현로 338', '144호', '1', null, 'none', TO_DATE('19000101','YYYYMMDD'), TO_DATE('19000101','YYYYMMDD'));
insert into member_user values ( mem_seq.nextval, 'pie1154', '1234', '1234', '김파이1154', '김파이1154', 'none', 'default.png', 'pie1154@pie.com', '010-1154-1154', '06354', '서울 강남구 논현로 340', '145호', '1', null, 'none', TO_DATE('19000101','YYYYMMDD'), TO_DATE('19000101','YYYYMMDD'));
Insert into EXPORT_TABLE (MEM_NUM,ID,PASSWORD,SALT,NAME,NICKNAME,GENDER,PROFILE_PIC,EMAIL,PHONE,POSTCODE,ADDRESS_MAIN,ADDRESS_SUB,AGREEMENT,FRIENDS,PREMIUM,PREDATE,PREENDDATE) values (1,'admin','$2a$10$lP9fQgv4dnNLzrAQ.hyFvOLTM6XCzq6jblrJN9tjbV4K8LzMD275W','n','admin','admin','female','default.png','asdf1234@gmail.com','010-1234-1234','13536','경기 성남시 분당구 판교역로10번길 3',null,'1',null,'pro',to_date('24/03/07','RR/MM/DD'),to_date('24/04/06','RR/MM/DD'));


insert into member_auth values ('pie1111', 'ROLE_USER');
insert into member_auth values ('pie1112', 'ROLE_USER');
insert into member_auth values ('pie1113', 'ROLE_USER');
insert into member_auth values ('pie1114', 'ROLE_USER');
insert into member_auth values ('pie1115', 'ROLE_USER');
insert into member_auth values ('pie1116', 'ROLE_USER');
insert into member_auth values ('pie1117', 'ROLE_USER');
insert into member_auth values ('pie1118', 'ROLE_USER');
insert into member_auth values ('pie1119', 'ROLE_USER');
insert into member_auth values ('pie1120', 'ROLE_USER');
insert into member_auth values ('pie1121', 'ROLE_USER');
insert into member_auth values ('pie1122', 'ROLE_USER');
insert into member_auth values ('pie1123', 'ROLE_USER');
insert into member_auth values ('pie1124', 'ROLE_USER');
insert into member_auth values ('pie1125', 'ROLE_USER');
insert into member_auth values ('pie1126', 'ROLE_USER');
insert into member_auth values ('pie1127', 'ROLE_USER');
insert into member_auth values ('pie1128', 'ROLE_USER');
insert into member_auth values ('pie1129', 'ROLE_USER');
insert into member_auth values ('pie1130', 'ROLE_USER');
insert into member_auth values ('pie1131', 'ROLE_USER');
insert into member_auth values ('pie1132', 'ROLE_USER');
insert into member_auth values ('pie1133', 'ROLE_USER');
insert into member_auth values ('pie1134', 'ROLE_USER');
insert into member_auth values ('pie1135', 'ROLE_USER');
insert into member_auth values ('pie1136', 'ROLE_USER');
insert into member_auth values ('pie1137', 'ROLE_USER');
insert into member_auth values ('pie1138', 'ROLE_USER');
insert into member_auth values ('pie1139', 'ROLE_USER');
insert into member_auth values ('pie1140', 'ROLE_USER');
insert into member_auth values ('pie1141', 'ROLE_USER');
insert into member_auth values ('pie1142', 'ROLE_USER');
insert into member_auth values ('pie1143', 'ROLE_USER');
insert into member_auth values ('pie1144', 'ROLE_USER');
insert into member_auth values ('pie1145', 'ROLE_USER');
insert into member_auth values ('pie1146', 'ROLE_USER');
insert into member_auth values ('pie1147', 'ROLE_USER');
insert into member_auth values ('pie1148', 'ROLE_USER');
insert into member_auth values ('pie1149', 'ROLE_USER');
insert into member_auth values ('pie1150', 'ROLE_USER');
insert into member_auth values ('pie1151', 'ROLE_USER');
insert into member_auth values ('pie1152', 'ROLE_USER');
insert into member_auth values ('pie1153', 'ROLE_USER');
insert into member_auth values ('pie1154', 'ROLE_USER');
insert into member_auth values ('admin', 'ROLE_ADMIN');

-- 동네공구
insert into townBuyBoard values(to_num.nextval,'pie1111', '김파이1111', 'food','1','당근 같이 구매하실 분 계신가요?','<p>눈에좋고 토끼가 좋아하고 아이들에게 영양가득한 식재료 당근! 달달하고 너무 맛있더라구요? :)<p>','pr1.png','food2.jpg/',0,'#채소#야채#당근','서울 강남구 가로수길 5','1',sysdate,sysdate,TO_DATE('20240310', 'YYYYMMDD'),5,1,'50000','10000','111.111.111.111',0,'대한민국농수산','당근');
insert into townBuyBoard values(to_num.nextval,'pie1112','김파이1112','food','1','야채 함께해요, 나눠요','<p>다양한 야채 꾸러미 혼자먹기에는 너무 많고 필요하신 분 같이 나눠서 사면 좋을 것 같아서 파이공구에 올려봅니다!<p>','pr2.png','food5.jpg/',0,'#채소#야채','서울 강남구 가로수길 31-3','1',sysdate,sysdate,TO_DATE('20240320', 'YYYYMMDD'),6,1,'50000','10000','111.111.111.111',0,'언밸런스마켓','농산물 꾸러미');
insert into townBuyBoard values(to_num.nextval,'pie1113','김파이1113','food','1','건강한 과일과 채소들','<p>건강한 과일과 채소들 당연히 농장 직송이구요 제가 매년 구매해서 먹는 농장인데 품질은 제가 보장합니다! 매년 홀로 구매하려니 배송료나 구매량이 많아 걱정이였는데 파이 통해서 나눠서 구매하고 싶어서 글 올립니다.<p>','pr3.png','food3.jpg/',0,'#채소#야채','서울 강남구 개포로 202 (석인빌딩)','1',sysdate,sysdate,TO_DATE('20240330', 'YYYYMMDD'),7,1,'50000','10000','111.111.111.111',0,'언밸런스마켓','농산물꾸러미');
insert into townBuyBoard values(to_num.nextval,'pie1114','김파이1114','food','1','품질보장 당도보장 상큼하고 맛있는 과일들','<p>파이에 여러 공구들이 있지만 정말 맛있는 과일이라 함께 공구하려고 글 올려봐요~~ 당도는 물론이고 신선함까지! 저랑 같이 비타민 챙기실 분 구합니다 ^^<p>','pr4.png','food4.jpg/',0,'#제철과일#과일','서울 강남구 광평로 126 (일원본동주민센터)','1',sysdate,sysdate,TO_DATE('20240310', 'YYYYMMDD'),8,1,'50000','10000','111.111.111.111',0,'프레델','과일꾸러미');
insert into townBuyBoard values(to_num.nextval,'pie1115','김파이1115','food','1','포도 같이사요','<p>상큼한 포도 농장에서 직거래해서 신선함은 물론이고 상큼하고 달달하고 너무 맛있는 포도에요<p>','pr5.png','food1.jpg/',0,'#포도#포도공구','서울 강남구 가로수길 10','1',sysdate,sysdate,TO_DATE('20240320', 'YYYYMMDD'),9,1,'50000','10000','111.111.111.111',0,'포도','포도');
insert into townBuyBoard values(to_num.nextval,'pie1118','김파이1118','baby','1','모빌 같이 사실분 계실까요?','<p>아이들 필수템 모빌 공구하고 싶어서 가지고 왔어요 ^^ 같이 주문하면 정가대비 30% 저렴하게 구매할 수 있다고 하네요?<p>','pr6.png','baby7.jpg/',0,'#아기용품#장난감','서울 강남구 논현로4길 39 (한빛빌라)','1',sysdate,sysdate,TO_DATE('20240330', 'YYYYMMDD'),6,1,'50000','10000','111.111.111.111',0,'타이니러브','신생아모빌');
insert into townBuyBoard values(to_num.nextval,'pie1119','김파이1119','baby','1','오가닉 아기 장난감 공구합시다 ^^','<p>자연소재로 만든 환경호르몬 걱정없는 아이들 장난감이에요!<p>','pr6.png','baby4.jpg/',0,'#아기용품#장난감','서울 강남구 광평로 61 (수정빌딩)','1',sysdate,sysdate,TO_DATE('20240310', 'YYYYMMDD'),7,1,'50000','10000','111.111.111.111',0,'숲소리','자동차');
insert into townBuyBoard values(to_num.nextval,'pie1120','김파이1120','baby','1','같이사요 아기양말 함께해요','<p>아기양말 너무 귀엽지 않나요? 알록달록해서 올 봄에 입히면 너무 이쁠 것 같아요<p>','pr7.png','baby2.jpg/',0,'#아기용품#아기양말#육아템','서울 강남구 강남대로84길 24-10 (역삼동빌딩)','1',sysdate,sysdate,TO_DATE('20240320', 'YYYYMMDD'),8,1,'50000','10000','111.111.111.111',0,'데일리라이크','아기양말');
insert into townBuyBoard values(to_num.nextval,'pie1121','김파이1121','baby','1','환경호르몬 걱정없는 자동차 장난감!','<p>환경호르몬 걱정없는 소재로 만들어진 아기 장난감 올려봅니다 관심있으시면 챗주셔용~<p>','pr8.png','baby6.jpg/',0,'#아기용품#장난감','서울 강남구 논현로 8 (서흥빌딩)','1',sysdate,sysdate,TO_DATE('20240330', 'YYYYMMDD'),9,1,'50000','10000','111.111.111.111',0,'토미카','장난감자동차');
insert into townBuyBoard values(to_num.nextval,'pie1122','김파이1122','baby','1','봄에 입히기 좋은 아기 옷 같이 사실분?','<p>비비드한게 딱 제 취향! 아이들이 입히면 너무 이쁘겠다는 생각이 들더라구요<p>','pr9.png','baby3.jpg/',0,'#아기옷#봄옷','서울 강남구 광평로 220-10','1',sysdate,sysdate,TO_DATE('20240319', 'YYYYMMDD'),10,1,'50000','10000','111.111.111.111',0,'피카부','아기옷');
insert into townBuyBoard values(to_num.nextval,'pie1123','김파이1123','baby','1','아기 애착인형 같이 구매해요!!','<p>귀여운 아기 인형 같이사면 저렴하게 살 수 있다고 해서 글 올려봅니다 ^^<p>','pr11.png','baby5.jpg/',0,'#아기인형#장난감#애착인형','서울 강남구 논현로 12','1',sysdate,sysdate,TO_DATE('20240320', 'YYYYMMDD'),11,1,'50000','10000','111.111.111.111',0,'젤리캣','애착인형');
insert into townBuyBoard values(to_num.nextval,'pie1124','김파이1124','baby','1','아기옷을 같이사면 좋을 것 같다라는 생각이 듭니다','<p>아기옷 같이사면 좋을 것 가아서 글 남깁니다^^ 저렴하게 구매하면 너무 좋을 것 같지 않나요?<p>','pr12.png','baby1.jpg/',0,'#아기용품#아기옷','서울 강남구 강남대로 476 (urbanhive)','1',sysdate,sysdate,TO_DATE('20240320', 'YYYYMMDD'),12,1,'50000','10000','111.111.111.111',0,'압소바','내복');
insert into townBuyBoard values(to_num.nextval,'pie1125','김파이1125','beautyAndFashion','1','간절기에 입기 좋은 다양한 색상의 면티!','<p>소재가 굉장히 부드럽고 색상도 다양해서 취향껏 입기 좋겠더라구요 요즘 같은 날씨에 이너로 입으면 너무 좋을 것 같아요!<p>','pr13.png','beautyAndFashion1.jpg/',0,'#뷰티#패션#면티','서울 강남구 가로수길 40','1',sysdate,sysdate,TO_DATE('20240310', 'YYYYMMDD'),5,1,'50000','10000','111.111.111.111',0,'베이직하우스','면티');
insert into townBuyBoard values(to_num.nextval,'pie1126','김파이1126','beautyAndFashion','1','어반디케이 아이메이크업 세트!','<p>어반디케이 아이메이크업세트 알찬 구성으로 잘 나왔어요! 6개 세트로 판매하고 있길래 파이에서 공구하려고 올려봐용~:)<p>','pr14.png','beautyAndFashion2.jpg/',0,'#뷰티#패션','서울 강남구 가로수길 59','1',sysdate,sysdate,TO_DATE('20240330', 'YYYYMMDD'),6,1,'50000','10000','111.111.111.111',0,'어반디케이','마스카라');
insert into townBuyBoard values(to_num.nextval,'pie1127','김파이1127','beautyAndFashion','1','랄프로렌 셔츠! 봄에 너무 입기 좋은 다양한 소재 다양한 셔츠들! ','<p>해외직구 상품인데 30만원 이상사면 무료배송 및 20% 할인쿠폰 있어요! 같이 사실분 있으시면 같이 저렴하게 구매해요! 백화점 정가기준 40%는 저렴하더라구요<p>','pr15.png','beautyAndFashion6.jpg/',0,'#랄프로렌#패션','서울 강남구 도곡로63길 12 (신농플라자)','1',sysdate,sysdate,TO_DATE('20240315', 'YYYYMMDD'),7,1,'50000','10000','111.111.111.111',0,'랄프로렌','셔츠');
insert into townBuyBoard values(to_num.nextval,'pie1128','김파이1128','beautyAndFashion','1','메이크업 소품 정리함 같이 공구하고 싶어서 글 올려봅니다 ^^','<p>메이크업 소품 정리하기 너무 좋은 정리함 있어서 공구올려봐요! 10세트 동시 구매하면 사은품으로 미니 마스카라 개당 1개씩 증정한다고 하네요!<p>','pr1.png','beautyAndFashion5.jpg/',0,'#뷰티#화장품정리함','서울 강남구 도곡로 401 (롯데백화점)','1',sysdate,sysdate,TO_DATE('20240327', 'YYYYMMDD'),3,1,'50000','10000','111.111.111.111',0,'백스마트','화장품정리함');
insert into townBuyBoard values(to_num.nextval,'pie1129','김파이1129','beautyAndFashion','1','니트 가디건 함께하실분 계실까요?','<p>요즘 같은 날씨에 옷 어떻게 입어야 할지 고민 많이되는데 딱 좋은 니트가디건이에요 색상도 무난하고 소재도 보드랍고 좋아요!<p>','default.png','beautyAndFashion3.jpg/',0,'#가디건#탑텐','서울 강남구 광평로1길 19','1',sysdate,sysdate,TO_DATE('20240320', 'YYYYMMDD'),4,1,'50000','10000','111.111.111.111',0,'탑텐','가디건');
insert into townBuyBoard values(to_num.nextval,'pie1130','김파이1130','beautyAndFashion','1','이너뷰티템','<p>요즘 이너뷰티 중요한거 아시죠? 마시는 바디클렌져로 이너뷰티 챙겨요 ^^<p>','pr2.png','beautyAndFashion7.jpg/',0,'#뷰티#패션','서울 강남구 압구정로29길 17 (교회)','1',sysdate,sysdate,TO_DATE('20240330', 'YYYYMMDD'),5,1,'50000','10000','111.111.111.111',0,'에스더','이너뷰티');
insert into townBuyBoard values(to_num.nextval,'pie1131','김파이1131','beautyAndFashion','1','메이크업세트','<p>귀여운 색상의 케이스까지 함께있는 메이크업세트 10세트 동시 주문하면 20% 할인가능하다고 하네요!<p>','pr3.png','beautyAndFashion4.jpg/',0,'#뷰티#오데어#화장품세트','서울 강남구 논현로 868 (구정빌딩)','1',sysdate,sysdate,TO_DATE('20240325', 'YYYYMMDD'),10,1,'50000','10000','111.111.111.111',0,'오데어','set');
insert into townBuyBoard values(to_num.nextval,'pie1132','김파이1132','life','1','노란색 1인용 쇼파 같이 구매합시다','<p>상큼한 색상의 노란색 쇼파 너무 귀엽지 않나요? 6개 1세트인데 저는 1인가구라 필요하신분들 같이 구매하면 좋을 것 같아요<p>','pr4.png','life7.jpg/',0,'#소파#노란소파','서울 강남구 도곡로 523 (대치순복음교회)','1',sysdate,sysdate,TO_DATE('20240329', 'YYYYMMDD'),6,1,'50000','10000','111.111.111.111',0,'로쉐보보아','소파');
insert into townBuyBoard values(to_num.nextval,'pie1133','김파이1133','life','1','이너피스를 위한 아로마오일!','<p>아로마테라피 좋아하세요? 집에서 아로마오일 하나면 저렴하게 즐길 수 있어요! 향도 다양하게 준비되어 있고 해외직구 상품이라 배송료가 부담되서 같이 구매하고 싶어서 파이에 글 올려봅니다!<p>','pr5.png','life4.jpg/',0,'#생활#아로마오일','서울 강남구 논현로 4','1',sysdate,sysdate,TO_DATE('20240310', 'YYYYMMDD'),7,1,'50000','10000','111.111.111.111',0,'카오코','아로마오일');
insert into townBuyBoard values(to_num.nextval,'pie1134','김파이1134','life','1','분위기 살리는 가죽쇼파! 2~6인까지 다양하게 구매할 수 있어요','<p>쇼파 사려고 알아보는 중인데 2명만 보여도 저렴하게 구매가능하다고해서 파이멤 구해봅니당 ^^! 색감도 이쁘고 구성도 다양하게 구매할 수 있어서 좋습니다<p>','pr6.png','life5.jpg/',0,'#생활','서울 강남구 논현로 6 (혜정빌딩)','1',sysdate,sysdate,TO_DATE('20240329', 'YYYYMMDD'),2,1,'50000','10000','111.111.111.111',0,'빈스','소파');
insert into townBuyBoard values(to_num.nextval,'pie1137','김파이1137','life','1','포근한 코튼소재의 쇼파에요','<p>포근한 쇼파 색도 여러가지고 코튼소재라 푹식푹식하고 아늑하고 너무 좋은것 같더라구요 공구로 함께 구매해서 저렴하게 구매해요!<p>','pr7.png','life6.jpg/',0,'#생활','서울 강남구 논현로189길','1',sysdate,sysdate,TO_DATE('20240315', 'YYYYMMDD'),4,1,'50000','10000','111.111.111.111',0,'도모디자인','소파');
insert into townBuyBoard values(to_num.nextval,'pie1138','김파이1138','life','1','포근하고푹신한 솜이불','<p>포근한 솜이불 너무 따뜻하고 부드러워서 저희집 고양이도너무 좋아해요 ^^ 공구 성공시 베개 커버도 함께 증정받을 수 있다고하니 같이 구매하면 좋을 것 같아요<p>','pr8.png','life1.jpg/',0,'#생활#이불#알레르망','서울 강남구 광평로20길 7 (대왕중학교)','1',sysdate,sysdate,TO_DATE('20240330', 'YYYYMMDD'),5,1,'50000','10000','111.111.111.111',0,'알레르망','이불');
insert into townBuyBoard values(to_num.nextval,'pie1139','김파이1139','etc','1','레트로한 느낌의 레트로 게임기! 기억나시는 분 없나요? 같이 구매해요!','<p>옛날 추억도 떠올리고 인테리어 효과로도 좋은 것 같아요 같이 구매하면 저렴하다고 하니 관심있으신분 같이 구매해요!!<p>','pr9.png','etc6.jpg/',0,'#레트로게임기#노리박스#추억의게임','서울 강남구 도곡로 458 (정일빌딩)','1',sysdate,sysdate,TO_DATE('20240320', 'YYYYMMDD'),7,1,'50000','10000','111.111.111.111',0,'노리박스','레트로게임기');
insert into townBuyBoard values(to_num.nextval,'pie1140','김파이1140','etc','1','다가올 여름을 위한 피서 필수템! 플라밍고 튜브','<p>플라밍고 튜브 여름 피서지에 가지고가면 완전 인싸템인거 아시죠? 다가올 여름을 위해 미리 준비해두자구요!^^<p>','pr10.png','etc3.jpg/',0,'#튜브#플라밍고튜브','서울 강남구 광평로1길 22','1',sysdate,sysdate,TO_DATE('20240330', 'YYYYMMDD'),8,1,'50000','10000','111.111.111.111',0,'스윔어바웃','튜브');
insert into townBuyBoard values(to_num.nextval,'pie1141','김파이1141','etc','1','가족과 연인과 친구와 함께할 수 있는 가정용 게임기!','<p>여러명이서 모여사면 할인도 받고 게임팩도 1개 더 증정해준다고하네요! 가격도 비싸지 않고 어린시절 추억하면서 게임한판 어떠세요?<p>','pr11.png','etc5.jpg/',0,'#게임기#가정용게임기#오락기','서울 강남구 논현로 28 (쏘홈빌딩)','1',sysdate,sysdate,TO_DATE('20240310', 'YYYYMMDD'),9,1,'50000','10000','111.111.111.111',0,'노리박스','게임기');
insert into townBuyBoard values(to_num.nextval,'pie1142','김파이1142','etc','1','조용하고 키감 좋은 키보드!','<p>2개사면 20% 할인이라는데 저는 1개만 필요해서요 혹시 키보드 함께 사고싶으신분 같이 주문해요!<p>','pr12.png','etc4.jpg/',0,'#키모드#한성컴퓨터','서울 강남구 남부순환로 3165 (코원에너지서비스)','1',sysdate,sysdate,TO_DATE('20240325', 'YYYYMMDD'),2,1,'50000','10000','111.111.111.111',0,'한성컴퓨터','무접점키보드');
insert into townBuyBoard values(to_num.nextval,'pie1143','김파이1143','etc','1','필름 공구하실분 계신가요?','<p> 필카 출사가 취미인데 필름값이 만만치 않아서 알아보니 박스 단위로 구매하면 저렴하더라구요 함께 구매해서 나눌 수 있으면 좋을 것 같아서 공구글 올려봅니다!<p>','pr13.png','etc2.jpg/',0,'#코닥#필름','서울 강남구 광평로 301-4 (수서동주민센터)','1',sysdate,sysdate,TO_DATE('20240320', 'YYYYMMDD'),3,1,'50000','10000','111.111.111.111',0,'코닥','필름');
insert into townBuyBoard values(to_num.nextval,'pie1144','김파이1144','etc','1','자수가 취미신분 없으신가요?','<p>마음이 차분해지는 자수! 용품 이거저거 도매로사면 저렴하더라구요 관심있으신분들은 같이 구매하면 좋을 것 같아요 ^^<p>','pr14.png','etc7.jpg/',0,'#프랑스자수#자수#취미','서울 강남구 압구정로39길 58 (현대아파트)','1',sysdate,sysdate,TO_DATE('20240330', 'YYYYMMDD'),4,1,'50000','10000','111.111.111.111',0,'김알파카','프랑스자수');
insert into townBuyBoard values(to_num.nextval,'pie1145','김파이1145','etc','1','보드게임 같이 구매하실 분 계실까요?','<p>보드게임 사고 싶은데 해외직구라 배송료가 만만치 않더라구요 국내에서 구매하는거랑 차이가 많이나서.. 관심있으시면 같이 배송료 아껴요!<p>','pr15.png','etc1.jpg/',0,'#코리아보드게임즈#보드게임','서울 강남구 가로수길 60-1','1',sysdate,sysdate,TO_DATE('20240310', 'YYYYMMDD'),5,1,'50000','10000','111.111.111.111',0,'코리아보드게임즈','보드게임');
insert into townBuyBoard values(to_num.nextval,'pie1146','김파이1146','pet','1','다가올 봄을 위한 반려견 옷 같이 구매해요','<p>봄맞이 노랑노랑한 귀여운 옷 같이 구매해요! 스카프까지 세트라 너무 귀엽고 좋네요<p>','pr1.png','pet4.jpg/',0,'#반려동물#반려견#반려견옷','서울 강남구 남부순환로 2907 (대치지구대)','1',sysdate,sysdate,TO_DATE('20240310', 'YYYYMMDD'),5,1,'50000','10000','111.111.111.111',0,'퓨어','반려견옷');
insert into townBuyBoard values(to_num.nextval,'pie1147','김파이1147','pet','1','소형견 귀여운 루돌프 옷 같이 구매해요 ^^','<p>보온력도 좋고 소재가 부드러워서 저희 강아지가 거부감 없이 편안하게 입더라구요!<p>','pr2.png','pet6.jpg/',0,'#반려동물#반려견옷#반려견루돌프','서울 강남구 남부순환로 2941 (대치탑프라자)','1',sysdate,sysdate,TO_DATE('20240320', 'YYYYMMDD'),5,1,'50000','10000','111.111.111.111',0,'멍러뷰','루돌프');
insert into townBuyBoard values(to_num.nextval,'pie1148','김파이1148','pet','1','유기농 재료로만든 건강한 강아지 사료!','<p>유기농 강아지 사료 맛도 좋아서 저희 애기가 너무 잘 먹더라구요 저 믿고 같이 구매해봐요!<p>','pr3.png','pet2.jpg/',0,'#반려동물#반려견#반려묘','서울 강남구 강남대로 262 (캠코양재타워)','1',sysdate,sysdate,TO_DATE('20240330', 'YYYYMMDD'),5,1,'50000','10000','111.111.111.111',0,'test','testedProduct');
insert into townBuyBoard values(to_num.nextval,'pie1149','김파이1149','pet','1','pet 반려동물 용품 같이 구매합시다!!','<p>반려견들이 너무 좋아하는 장난감인형! 강아지도 좋아하고 고양이도 좋아하고 귀여워서 저도 좋더라구요 ^^<p>','pr5.png','pet1.jpg/',0,'#반려동물#반려견#반려묘','서울 강남구 강남대로 238 (스카이쏠라빌딩)','1',sysdate,sysdate,TO_DATE('20240310', 'YYYYMMDD'),5,1,'50000','10000','111.111.111.111',0,'차밍펫','강아지인형');
insert into townBuyBoard values(to_num.nextval,'pie1150','김파이1150','pet','1','영양만점 강아지 통조림!','<p>소형견 중형견 대형견 모두 즐길 수 있는 맛있는 강아지 통조림 있어요~ 비싸서 잘 못먹였는데 저렴하게 구매할 수 있어요<p>','pr6.png','pet3.jpg/',0,'#반려동물#반려견#반려묘','서울 강남구 강남대로84길 6','1',sysdate,sysdate,TO_DATE('20240330', 'YYYYMMDD'),5,1,'50000','10000','111.111.111.111',0,'시저캔','통조림');
insert into townBuyBoard values(to_num.nextval,'pie1151','김파이1151','pet','1','애견 프로필 촬영 같이 하실 분 계신가요?','<p>시간 나눠서 찍으면 돈도 절약되고 좋은 추억될 것 같아요<p>','pr7.png','pet5.jpg/',0,'#반려동물#반려견프로필#반려묘프로필','서울 강남구 남부순환로 2931','1',sysdate,sysdate,TO_DATE('20240330', 'YYYYMMDD'),5,1,'50000','10000','111.111.111.111',0,'프롬엘라','프로필');


insert into proxybuyboard values( pr_num.nextval, 'admin', '관리자', 'baby', '귀여운 오가닉코튼 아기 곰인형', '오가닉 코튼으로 만들어진 귀여운 곰인형입니다. 폭식폭신한게 특징이고, 아이들이 정말 좋아하는 제품입니다.', 'default.png', 'proxy_baby1.jpg/', '20', '#애착인형#곰인형#오가닉인형', 0, TO_DATE('20240213','YYYYMMDD'), TO_DATE('20240314','YYYYMMDD'), TO_DATE('20240320','YYYYMMDD'), 4, 1, 70000, 17500, '11:11:11:23',0,'루뽀베베','유기농 인형');
insert into proxybuyboard values( pr_num.nextval, 'admin', '관리자', 'baby', '장난감 카메라', '아이들이 가지고 놀 수 있는 장난감 카메라 입니다. 비비드한 컬러가 특징입니다.', 'default.png', 'proxy_baby2.jpg/', '20', '#장난감카메라#어린이날선물', 1, TO_DATE('20240302','YYYYMMDD'), TO_DATE('20240302','YYYYMMDD'), TO_DATE('20240311','YYYYMMDD'), 8, 1, 80000, 10000, '11:11:11:41',0,'엠피지오','키즈프린트카메라');
insert into proxybuyboard values( pr_num.nextval, 'admin', '관리자', 'baby', '다가올 여름을 위한 영아용 물놀이용 피서용 튜브', '만1세부터 사용 가능한 귀여운 튜브입니다. 다가올 여름을 위해 장만하시기를 추천드립니다.', 'default.png', 'proxy_baby3.jpg/', '38', '#튜브#어린이튜브#아기튜브', 0, TO_DATE('20240207','YYYYMMDD'), TO_DATE('20240207','YYYYMMDD'), TO_DATE('20240216','YYYYMMDD'), 4, 1, 100000, 25000, '11:11:11:17',0,'스윔어바웃','어린이튜브');
insert into proxybuyboard values( pr_num.nextval, 'admin', '관리자', 'baby', '안전한 성분이 담긴 어린이 물티슈', '화학물질은 제로! 건강한 아이들 피부를 지켜줄 물티슈입니다. 실용적인 사이즈로 휴대도 좋고 향기도 포근해서 추천드리는 제풉입니다.', 'default.png', 'proxy_baby4.jpg/', '30', '#물티슈#베베앙', 1, TO_DATE('20240225','YYYYMMDD'), TO_DATE('20240225','YYYYMMDD'), TO_DATE('20240305','YYYYMMDD'), 6, 1, 10000, 1667, '11:11:11:35',0,'베베앙','아기물티슈');
insert into proxybuyboard values( pr_num.nextval, 'admin', '관리자', 'baby', '아이의 지능성장을 위한 숫자놀이 블럭', '놀이는 물론 학습효과까지 겸비한 어린이 블럭입니다. 숫자를 놀이처럼 배울 수 있어서 아주 좋습니다!', 'default.png', 'proxy_baby5.jpg/', '12', '#아기교육도구#아기블럭#아기장난감', 0, TO_DATE('20240201','YYYYMMDD'), TO_DATE('20240201','YYYYMMDD'), TO_DATE('20240210','YYYYMMDD'), 4, 1, 40000, 10000, '11:11:11:11', 0 ,'스마트캐릭','아기블럭');
insert into proxybuyboard values( pr_num.nextval, 'admin', '관리자', 'baby', '영아를 위한 귀여운 토끼모자', '영아를 위한 귀여운 토끼모자입니다. 오가닉 코튼으로 만들어져 아주 부드럽고 보온력이 우수해서 신생아부터 착용가능한 귀여운 토끼모자 입니다!', 'default.png', 'proxy_baby6.jpg/', '43', '#신생아모자#아기모자#토끼모자', 0, TO_DATE('20240219','YYYYMMDD'), TO_DATE('20240219','YYYYMMDD'), TO_DATE('20240228','YYYYMMDD'), 4, 1, 80000, 20000, '11:11:11:29',0,'쿵스쿵스','토끼모자');
insert into proxybuyboard values( pr_num.nextval, 'admin', '관리자', 'baby', '귀여운 아기내복 + 구매시 양말 세트 증정', '귀여운 여우와 토끼가 그려진 아기 내복입니다. 현재 구매하면 양말까지 증정된다고하니 서둘러서 구매하세요! * 양말 모두 소진시 제공되지 않는 점 양해 부탁드립니다.', 'default.png', 'proxy_baby7.jpg/', '18', '#아기내복#아기양말#아기방한용품', 1, TO_DATE('20240312','YYYYMMDD'), TO_DATE('20240312','YYYYMMDD'), TO_DATE('20240321','YYYYMMDD'), 4, 1, 70000, 17500, '11:11:11:53',0,'아가방','내복');
insert into proxybuyboard values( pr_num.nextval, 'admin', '관리자', 'baby', '방한용 우주복, 포근한 아기 우주복입니다', '포근함은 물론 겨울철 우리아이를 따뜻하게 지켜줄 방한복, 우주복! 따뜻함은 물론이 고 귀여움까지 챙길 수 있어서 너무 마음에 드는 제품입니다.', 'default.png', 'proxy_baby8.jpg/', '48', '#아기우주복#아기방한용품', 1, TO_DATE('20240308','YYYYMMDD'), TO_DATE('20240308','YYYYMMDD'), TO_DATE('20240317','YYYYMMDD'), 6, 1, 100000, 16667, '11:11:11:47',0,'베베아모르','방한우주복');


insert into proxybuyboard values( pr_num.nextval, 'admin', '관리자', 'beautyAndFashion', '힙한 느낌의 노랑 운동복! 패션과 함께 건강도 챙기세요', '힙함은 물론이고 밝은 노란색이 기분까지 좋게해주는 제품이에요! 특별하게 한정 컬러로 출시되었으니 놓치지마세요!', 'default.png', 'proxy_beautyAndFashion1.jpg/', '37', '#운동복#런닝복', 0, TO_DATE('20240210','YYYYMMDD'), TO_DATE('20240210','YYYYMMDD'), TO_DATE('20240219','YYYYMMDD'), 5, 1, 100000, 20000, '11:11:11:20',0,'아디다스','IN8479');
insert into proxybuyboard values( pr_num.nextval, 'admin', '관리자', 'beautyAndFashion', '피서용 하늘하늘한 플라워패턴 원피스', '하늘하늘한 소재가 매력적인 피서지에 잘 어울리는 원피스입니다. 화려한 플라워패턴이 과하지 않고 적당해 피서지 포인트룩으로 아주 적당합니다. 디자인이 과하지 않기 때문에 피서지뿐만 아니라 일상복으로도 아주 좋아요', 'default.png', 'proxy_beautyAndFashion2.jpg/', '27', '#피서용원피스#원피스#여성옷', 1, TO_DATE('20240311','YYYYMMDD'), TO_DATE('20240311','YYYYMMDD'), TO_DATE('20240320','YYYYMMDD'), 3, 1, 80000, 26667, '11:11:11:50',0,'씨','플라워 패턴 원피스');
insert into proxybuyboard values( pr_num.nextval, 'admin', '관리자', 'beautyAndFashion', '립스틱 세트', '다양한 컬러의 립스틱 5종세트 소개드립니다. 쿨톤 웜톤 모두잘 어룰리는 립스틱 세트입니다.', 'default.png', 'proxy_beautyAndFashion3.jpg/', '41', '#립스틱#립스틱세트', 1, TO_DATE('20240305','YYYYMMDD'), TO_DATE('20240305','YYYYMMDD'), TO_DATE('20240314','YYYYMMDD'), 4, 1, 90000, 22500, '11:11:11:44',0,'클리오','립스틱 세트');
insert into proxybuyboard values( pr_num.nextval, 'admin', '관리자', 'beautyAndFashion', '랄프로렌 셔츠', '랄프로렌 셔츠를 특별가로 소개드립니다.다양한 색상 디자인의 셔츠를 특별가로!', 'default.png', 'proxy_beautyAndFashion4.jpg/', '22', '#랄프로렌#셔츠', 0, TO_DATE('20240204','YYYYMMDD'), TO_DATE('20240204','YYYYMMDD'), TO_DATE('20240213','YYYYMMDD'), 5, 1, 50000, 10000, '11:11:11:14',0,'랄프로렌','여성셔츠');
insert into proxybuyboard values( pr_num.nextval, 'admin', '관리자', 'beautyAndFashion', '보습왕 수분크림', '보습 끝판왕 블레스문 아우라 갈라토미세스발효크림을 소개드립니다. 수분광에 물맑은 크림이에요', 'default.png', 'proxy_beautyAndFashion5.jpg/', '13', '#수분크림#기초화장품', 0, TO_DATE('20240222','YYYYMMDD'), TO_DATE('20240222','YYYYMMDD'), TO_DATE('20240302','YYYYMMDD'), 9, 1, 20000, 2223, '11:11:11:32',0,'블레스문','크림');
insert into proxybuyboard values( pr_num.nextval, 'admin', '관리자', 'beautyAndFashion', '수분감 가득한 모이스쳐 뱀푸 샴푸', '공무원은 국민전체에 대한 봉사자이며, 국민에 대하여 책임을 진다. 국민경제자문회의의 조직·직무범위 기타 필요한 사항은 법률로 정한다. 대통령은 법률에서 구체적으로 범위를 정하여 위임받은 사항과 법률을 집행하기 위하여 필요한 사항에 관하여 대통령령을 발할 수 있다.', 'default.png', 'proxy_beautyAndFashion6.jpg/', '31', '#강아지#원단#베레모', 1, TO_DATE('20240228','YYYYMMDD'), TO_DATE('20240228','YYYYMMDD'), TO_DATE('20240308','YYYYMMDD'), 6, 1, 60000, 10000, '11:11:11:38',0,'moui','샴푸');
insert into proxybuyboard values( pr_num.nextval, 'admin', '관리자', 'beautyAndFashion', '향기 끝판왕 샤넬 NO.5', '직구 특가로 특별한 가격에 모십니다. 이번기회에 득템하세요! 안사시면 정말 후회하실거에요', 'default.png', 'proxy_beautyAndFashion7.jpg/', '6', '#향수#샤넬#넘버5', 0, TO_DATE('20240216','YYYYMMDD'), TO_DATE('20240216','YYYYMMDD'), TO_DATE('20240225','YYYYMMDD'), 7, 1, 60000, 8572, '11:11:11:26',0,'샤넬','no5');


insert into proxybuyboard values( pr_num.nextval, 'admin', '관리자', 'etc', '귀에 즐거움을 선사할 에어팟!', '특가로 공구 진행되는 에어팟 소개드립니다. 국내 최저가 보장합니다! 이번기회에 득템하시길 바랍니다.', 'default.png', 'proxy_etc1.jpg/', '34', '#에어팟#애플', 1, TO_DATE('20240229','YYYYMMDD'), TO_DATE('20240229','YYYYMMDD'), TO_DATE('20240329','YYYYMMDD'), 4, 1, 180000, 12500, '11:11:11:39',0,'애플','에어팟3');
insert into proxybuyboard values( pr_num.nextval, 'admin', '관리자', 'etc', '라탄조명', '분위기 갑 라탄조명, 조명하나로 실내 분위기 업! 은은한 조명이 너무 좋아요', 'default.png', 'proxy_etc2.jpg/', '4', '#라탄#조명', 0, TO_DATE('20240223','YYYYMMDD'), TO_DATE('20240223','YYYYMMDD'), TO_DATE('20240303','YYYYMMDD'), 7, 1, 100000, 14286, '11:11:11:33',0,'루미포트','라탄조명');
insert into proxybuyboard values( pr_num.nextval, 'admin', '관리자', 'etc', '인테리어 소품 백자, 도자기', '공무원의 직무상 불법행위로 손해를 받은 국민은 법률이 정하는 바에 의하여 국가 또는 공공단체에 정당한 배상을 청구할 수 있다. 이 경우 공무원 자신의 책임은 면제되지 아니한다.', 'default.png', 'proxy_etc3.jpg/', '27', '#자켓#가을#체크', 0, TO_DATE('20240211','YYYYMMDD'), TO_DATE('20240211','YYYYMMDD'), TO_DATE('20240220','YYYYMMDD'), 1, 1, 70000, 70000, '11:11:11:21',0,'test','testedProduct');
insert into proxybuyboard values( pr_num.nextval, 'admin', '관리자', 'etc', '인테리어 소품으로 좋은 도자기 화병세트', '인테리어 효과도 줄 수 있고 이쁜 꽃도 꽂을 수 있는 도자기 화병을 판매합니다. 저도 집에 있는데 아주 이쁘고 좋더라구요', 'default.png', 'proxy_etc4.jpg/', '29', '#화병#도자기#인테리어소품', 1, TO_DATE('20240306','YYYYMMDD'), TO_DATE('20240306','YYYYMMDD'), TO_DATE('20240325','YYYYMMDD'), 5, 1, 10000, 2000, '11:11:11:45',0,'도브','화병');
insert into proxybuyboard values( pr_num.nextval, 'admin', '관리자', 'etc', '가정용 전기드릴', '가정 필수품 전기드릴입니다. 우수항 성능 저렴한 가격으로 구매하실 수 있어요', 'default.png', 'proxy_etc5.jpg/', '27', '#드릴#전기드릴#가정용공구', 0, TO_DATE('20240205','YYYYMMDD'), TO_DATE('20240205','YYYYMMDD'), TO_DATE('20240325','YYYYMMDD'), 7, 1, 100000, 14286, '11:11:11:15',0,'test','testedProduct');
insert into proxybuyboard values( pr_num.nextval, 'admin', '관리자', 'etc', '가정용 망치 판매합니다', '국회는 법률에 저촉되지 아니하는 범위안에서 의사와 내부규율에 관한 규칙을 제정할 수 있다. 행정각부의 장은 국무위원 중에서 국무총리의 제청으로 대통령이 임명한다.', 'default.png', 'proxy_etc6.jpg/', '43', '#세제#샴푸#선물세트', 0, TO_DATE('20240217','YYYYMMDD'), TO_DATE('20240217','YYYYMMDD'), TO_DATE('20240226','YYYYMMDD'), 8, 1, 100000, 12500, '11:11:11:27',0,'test','testedProduct');
insert into proxybuyboard values( pr_num.nextval, 'admin', '관리자', 'etc', '신학기 준비를 위한 노트 세트!', '아이들 개학 필수품 노트세트입니다 다양한 색으로 남녀 어린이 모두 좋아할만한 디자인을 가졌습니다.', 'default.png', 'proxy_etc7.jpg/', '44', '#세제#샴푸#선물세트', 1, TO_DATE('20240312','YYYYMMDD'), TO_DATE('20240312','YYYYMMDD'), TO_DATE('20240321','YYYYMMDD'), 6, 1, 90000, 15000, '11:11:11:51',0,'모닝글로리','초등노트');



insert into proxybuyboard values( pr_num.nextval, 'admin', '관리자', 'baby', '아이의 지능성장을 위한 숫자놀이 블럭', '놀이는 물론 학습효과까지 겸비한 어린이 블럭입니다. 숫자를 놀이처럼 배울 수 있어서 아주 좋습니다!', 'default.png', 'proxy_baby5.jpg/', '12', '#아기교육도구#아기블럭#아기장난감', 0, TO_DATE('20240201','YYYYMMDD'), TO_DATE('20240201','YYYYMMDD'), TO_DATE('20240210','YYYYMMDD'), 4, 1, 40000, 10000, '11:11:11:11', 0 ,'스마트캐릭','아기블럭');
insert into proxybuyboard values( pr_num.nextval, 'admin', '관리자', 'food', '달달한 초당옥수수입니다 농장직송으로 신선하게 받아보세요', '행정각부의 장은 국무위원 중에서 국무총리의 제청으로 대통령이 임명한다. 누구든지 체포 또는 구속을 당한 때에는 적부의 심사를 법원에 청구할 권리를 가진다.', 'default.png', 'proxy_food7.jpg/', '0', '#게임팩#pc', 0, TO_DATE('20240202','YYYYMMDD'), TO_DATE('20240202','YYYYMMDD'), TO_DATE('20240211','YYYYMMDD'), 10, 1, 20000, 2000, '11:11:11:12',0,'test','testedProduct');
insert into proxybuyboard values( pr_num.nextval, 'admin', '관리자', 'life', '부드럽고폭신한 이불입니다', '부드러움이 특징인 호텔스타일의 푹신한 이불입니다. 덮기만해도 꿀잠을 선사해 드릴거에요', 'default.png', 'proxy_life3.jpg/', '9', '#이불#호텔침구#꿀잠', 0, TO_DATE('20240203','YYYYMMDD'), TO_DATE('20240203','YYYYMMDD'), TO_DATE('20240330','YYYYMMDD'), 8, 1, 30000, 3750, '11:11:11:13',0,'크라운구스','호텔이불');
insert into proxybuyboard values( pr_num.nextval, 'admin', '관리자', 'beautyAndFashion', '랄프로렌 셔츠', '랄프로렌 셔츠를 특별가로 소개드립니다.다양한 색상 디자인의 셔츠를 특별가로!', 'default.png', 'proxy_beautyAndFashion4.jpg/', '22', '#랄프로렌#셔츠', 0, TO_DATE('20240204','YYYYMMDD'), TO_DATE('20240204','YYYYMMDD'), TO_DATE('20240213','YYYYMMDD'), 5, 1, 50000, 10000, '11:11:11:14',0,'랄프로렌','여성셔츠');
insert into proxybuyboard values( pr_num.nextval, 'admin', '관리자', 'etc', '가정용 전기드릴', '가정 필수품 전기드릴입니다. 우수항 성능 저렴한 가격으로 구매하실 수 있어요', 'default.png', 'proxy_etc5.jpg/', '27', '#드릴#전기드릴#가정용공구', 0, TO_DATE('20240205','YYYYMMDD'), TO_DATE('20240205','YYYYMMDD'), TO_DATE('20240325','YYYYMMDD'), 7, 1, 100000, 14286, '11:11:11:15',0,'test','testedProduct');
insert into proxybuyboard values( pr_num.nextval, 'admin', '관리자', 'pet', '맛있고 건강한 강아지 건강간식 세트', '대통령은 헌법과 법률이 정하는 바에 의하여 공무원을 임면한다. 공무원인 근로자는 법률이 정하는 자에 한하여 단결권·단체교섭권 및 단체행동권을 가진다.', 'default.png', 'proxy_pet4.jpg/', '16', '#게임팩#pc', 0, TO_DATE('20240206','YYYYMMDD'), TO_DATE('20240206','YYYYMMDD'), TO_DATE('20240215','YYYYMMDD'), 1, 1, 100000, 100000, '11:11:11:16',0,'test','testedProduct');
insert into proxybuyboard values( pr_num.nextval, 'admin', '관리자', 'baby', '다가올 여름을 위한 영아용 물놀이용 피서용 튜브', '만1세부터 사용 가능한 귀여운 튜브입니다. 다가올 여름을 위해 장만하시기를 추천드립니다.', 'default.png', 'proxy_baby3.jpg/', '38', '#튜브#어린이튜브#아기튜브', 0, TO_DATE('20240207','YYYYMMDD'), TO_DATE('20240207','YYYYMMDD'), TO_DATE('20240216','YYYYMMDD'), 4, 1, 100000, 25000, '11:11:11:17',0,'스윔어바웃','어린이튜브');
insert into proxybuyboard values( pr_num.nextval, 'admin', '관리자', 'food', '봄에 제일 맛있는 딸기 판매합니다', '국회의원이 회기전에 체포 또는 구금된 때에는 현행범인이 아닌 한 국회의 요구가 있으면 회기중 석방된다. 국가는 건전한 소비행위를 계도하고 생산품의 품질향상을 촉구하기 위한 소비자보호운동을 법률이 정하는 바에 의하여 보장한다.', 'default.png', 'proxy_food8.jpg/', '14', '#강아지#원단#베레모', 0, TO_DATE('20240208','YYYYMMDD'), TO_DATE('20240208','YYYYMMDD'), TO_DATE('20240217','YYYYMMDD'), 5, 1, 20000, 4000, '11:11:11:18',0,'test','testedProduct');
insert into proxybuyboard values( pr_num.nextval, 'admin', '관리자', 'life', '세정력이 우수한 수세미 세트 판매합니다', '세정력은 물론이고 그릇 손상도 막아주는 만능수세미! 100개 세트로 저렴하게 판매하니 이번기회에 쟁여두세요', 'default.png', 'proxy_life1.jpg/', '26', '#수세미#설거지#좋은수세미', 0, TO_DATE('20240209','YYYYMMDD'), TO_DATE('20240209','YYYYMMDD'), TO_DATE('20240321','YYYYMMDD'), 6, 1, 70000, 11667, '11:11:11:19',0,'스폰택스','수세미');
insert into proxybuyboard values( pr_num.nextval, 'admin', '관리자', 'beautyAndFashion', '힙한 느낌의 노랑 운동복! 패션과 함께 건강도 챙기세요', '힙함은 물론이고 밝은 노란색이 기분까지 좋게해주는 제품이에요! 특별하게 한정 컬러로 출시되었으니 놓치지마세요!', 'default.png', 'proxy_beautyAndFashion1.jpg/', '37', '#운동복#런닝복', 0, TO_DATE('20240210','YYYYMMDD'), TO_DATE('20240210','YYYYMMDD'), TO_DATE('20240219','YYYYMMDD'), 5, 1, 100000, 20000, '11:11:11:20',0,'아디다스','IN8479');
insert into proxybuyboard values( pr_num.nextval, 'admin', '관리자', 'etc', '인테리어 소품 백자, 도자기', '공무원의 직무상 불법행위로 손해를 받은 국민은 법률이 정하는 바에 의하여 국가 또는 공공단체에 정당한 배상을 청구할 수 있다. 이 경우 공무원 자신의 책임은 면제되지 아니한다.', 'default.png', 'proxy_etc3.jpg/', '27', '#자켓#가을#체크', 0, TO_DATE('20240211','YYYYMMDD'), TO_DATE('20240211','YYYYMMDD'), TO_DATE('20240220','YYYYMMDD'), 1, 1, 70000, 70000, '11:11:11:21',0,'test','testedProduct');
insert into proxybuyboard values( pr_num.nextval, 'admin', '관리자', 'pet', '강아지를 위한 맛있는 강아지용 케이크!', '대통령은 제4항과 제5항의 규정에 의하여 확정된 법률을 지체없이 공포하여야 한다. 제5항에 의하여 법률이 확정된 후 또는 제4항에 의한 확정법률이 정부에 이송된 후 5일 이내에 대통령이 공포하지 아니할 때에는 국회의장이 이를 공포한다.', 'default.png', 'proxy_pet5.jpg/', '7', '#강아지#원단#베레모', 0, TO_DATE('20240212','YYYYMMDD'), TO_DATE('20240212','YYYYMMDD'), TO_DATE('20240221','YYYYMMDD'), 2, 1, 20000, 10000, '11:11:11:22',0,'test','testedProduct');
insert into proxybuyboard values( pr_num.nextval, 'admin', '관리자', 'baby', '귀여운 오가닉코튼 아기 곰인형', '오가닉 코튼으로 만들어진 귀여운 곰인형입니다. 폭식폭신한게 특징이고, 아이들이 정말 좋아하는 제품입니다.', 'default.png', 'proxy_baby1.jpg/', '20', '#애착인형#곰인형#오가닉인형', 0, TO_DATE('20240213','YYYYMMDD'), TO_DATE('20240314','YYYYMMDD'), TO_DATE('20240320','YYYYMMDD'), 4, 1, 70000, 17500, '11:11:11:23',0,'루뽀베베','유기농 인형');
insert into proxybuyboard values( pr_num.nextval, 'admin', '관리자', 'food', '대통령의 임기는 5년으로 하며, 중임할 수 없다. 제3항의 승인을...', '대통령은 취임에 즈음하여 다음의 선서를 한다. 국회는 국민의 보통·평등·직접·비밀선거에 의하여 선출된 국회의원으로 구성한다. 대통령은 제1항과 제2항의 처분 또는 명령을 한 때에는 지체없이 국회에 보고하여 그 승인을 얻어야 한다.', 'default.png', 'proxy_food5.jpg/', '30', '#게임팩#pc', 0, TO_DATE('20240214','YYYYMMDD'), TO_DATE('20240214','YYYYMMDD'), TO_DATE('20240223','YYYYMMDD'), 3, 1, 30000, 10000, '11:11:11:24',0,'test','testedProduct');
insert into proxybuyboard values( pr_num.nextval, 'admin', '관리자', 'life', '라탄으로 만든 수공예 바구니 다양한 사이즈 선택 가능!', '대통령은 법률이 정하는 바에 의하여 사면·감형 또는 복권을 명할 수 있다. 형사피고인은 유죄의 판결이 확정될 때까지는 무죄로 추정된다. 법률안에 이의가 있을 때에는 대통령은 제1항의 기간내에 이의서를 붙여 국회로 환부하고, 그 재의를 요구할 수 있다. 국회의 폐회중에도 또한 같다.', 'default.png', 'proxy_life5.jpg/', '15', '#자켓#가을#체크', 0, TO_DATE('20240215','YYYYMMDD'), TO_DATE('20240215','YYYYMMDD'), TO_DATE('20240224','YYYYMMDD'), 2, 1, 20000, 10000, '11:11:11:25',0,'test','testedProduct');
insert into proxybuyboard values( pr_num.nextval, 'admin', '관리자', 'beautyAndFashion', '향기 끝판왕 샤넬 NO.5', '직구 특가로 특별한 가격에 모십니다. 이번기회에 득템하세요! 안사시면 정말 후회하실거에요', 'default.png', 'proxy_beautyAndFashion7.jpg/', '6', '#향수#샤넬#넘버5', 0, TO_DATE('20240216','YYYYMMDD'), TO_DATE('20240216','YYYYMMDD'), TO_DATE('20240401','YYYYMMDD'), 7, 1, 60000, 8572, '11:11:11:26',0,'샤넬','no5');
insert into proxybuyboard values( pr_num.nextval, 'admin', '관리자', 'etc', '가정용 망치 판매합니다', '국회는 법률에 저촉되지 아니하는 범위안에서 의사와 내부규율에 관한 규칙을 제정할 수 있다. 행정각부의 장은 국무위원 중에서 국무총리의 제청으로 대통령이 임명한다.', 'default.png', 'proxy_etc6.jpg/', '43', '#세제#샴푸#선물세트', 0, TO_DATE('20240217','YYYYMMDD'), TO_DATE('20240217','YYYYMMDD'), TO_DATE('20240226','YYYYMMDD'), 8, 1, 100000, 12500, '11:11:11:27',0,'test','testedProduct');
insert into proxybuyboard values( pr_num.nextval, 'admin', '관리자', 'pet', '고양이 장난감 안 좋아하는고양이들이 없어요~', '고양이 장난감이에요 운동도되고 고양이들이 아주 좋아하는 장난감이지요 안 좋아하는 고양이를 본적이 없습니다.', 'default.png', 'proxy_pet2.jpg/', '29', '#고양이#고양이장난감', 0, TO_DATE('20240218','YYYYMMDD'), TO_DATE('20240218','YYYYMMDD'), TO_DATE('20240330','YYYYMMDD'), 8, 1, 10000, 1250, '11:11:11:28',0,'베리앤펫','고양이 장난감');
insert into proxybuyboard values( pr_num.nextval, 'admin', '관리자', 'baby', '영아를 위한 귀여운 토끼모자', '영아를 위한 귀여운 토끼모자입니다. 오가닉 코튼으로 만들어져 아주 부드럽고 보온력이 우수해서 신생아부터 착용가능한 귀여운 토끼모자 입니다!', 'default.png', 'proxy_baby6.jpg/', '43', '#신생아모자#아기모자#토끼모자', 0, TO_DATE('20240219','YYYYMMDD'), TO_DATE('20240219','YYYYMMDD'), TO_DATE('20240228','YYYYMMDD'), 4, 1, 80000, 20000, '11:11:11:29',0,'쿵스쿵스','토끼모자');
insert into proxybuyboard values( pr_num.nextval, 'admin', '관리자', 'food', '건강한 유기농 야채 꾸러미', '농장직송으로 건강하게 즐길 수 있는 야채 꾸러미 판매합니다. 신선함은 물론 맛도 보장된 맛있는 야채 꾸러미입니다.', 'default.png', 'proxy_food3.jpg/', '14', '#강아지#원단#베레모', 0, TO_DATE('20240220','YYYYMMDD'), TO_DATE('20240220','YYYYMMDD'), TO_DATE('20240329','YYYYMMDD'), 2, 1, 30000, 15000, '11:11:11:30',0,'언밸런스마켓','야채꾸러미');
insert into proxybuyboard values( pr_num.nextval, 'admin', '관리자', 'life', '부드러운 두꺼운 질좋은 수건', '대법원장은 국회의 동의를 얻어 대통령이 임명한다. 군인 또는 군무원이 아닌 국민은 대한민국의 영역안에서는 중대한 군사상 기밀·초병·초소·유독음식물공급·포로·군용물에 관한 죄중 법률이 정한 경우와 비상계엄이 선포된 경우를 제외하고는 군사법원의 재판을 받지 아니한다.', 'default.png', 'proxy_life6.jpg/', '6', '#세제#샴푸#선물세트', 0, TO_DATE('20240221','YYYYMMDD'), TO_DATE('20240221','YYYYMMDD'), TO_DATE('20240301','YYYYMMDD'), 7, 1, 40000, 5715, '11:11:11:31',0,'test','testedProduct');
insert into proxybuyboard values( pr_num.nextval, 'admin', '관리자', 'beautyAndFashion', '보습왕 수분크림', '보습 끝판왕 블레스문 아우라 갈라토미세스발효크림을 소개드립니다. 수분광에 물맑은 크림이에요', 'default.png', 'proxy_beautyAndFashion5.jpg/', '13', '#수분크림#기초화장품', 0, TO_DATE('20240222','YYYYMMDD'), TO_DATE('20240222','YYYYMMDD'), TO_DATE('20240319','YYYYMMDD'), 9, 1, 20000, 2223, '11:11:11:32',0,'블레스문','크림');
insert into proxybuyboard values( pr_num.nextval, 'admin', '관리자', 'etc', '라탄조명', '분위기 갑 라탄조명, 조명하나로 실내 분위기 업! 은은한 조명이 너무 좋아요', 'default.png', 'proxy_etc2.jpg/', '4', '#라탄#조명', 0, TO_DATE('20240223','YYYYMMDD'), TO_DATE('20240223','YYYYMMDD'), TO_DATE('20240303','YYYYMMDD'), 7, 1, 100000, 14286, '11:11:11:33',0,'루미포트','라탄조명');
insert into proxybuyboard values( pr_num.nextval, 'admin', '관리자', 'pet', '귀여운 강아지 옷! 사이즈가 다양해서 모든 강아지가 입을 수 있어요', '감사원은 원장을 포함한 5인 이상 11인 이하의 감사위원으로 구성한다. 사면·감형 및 복권에 관한 사항은 법률로 정한다. 국회는 의원의 자격을 심사하며, 의원을 징계할 수 있다.', 'default.png', 'proxy_pet6.jpg/', '45', '#강아지#원단#베레모', 0, TO_DATE('20240224','YYYYMMDD'), TO_DATE('20240224','YYYYMMDD'), TO_DATE('20240304','YYYYMMDD'), 5, 1, 20000, 4000, '11:11:11:34',0,'test','testedProduct');
insert into proxybuyboard values( pr_num.nextval, 'admin', '관리자', 'baby', '안전한 성분이 담긴 어린이 물티슈', '화학물질은 제로! 건강한 아이들 피부를 지켜줄 물티슈입니다. 실용적인 사이즈로 휴대도 좋고 향기도 포근해서 추천드리는 제풉입니다.', 'default.png', 'proxy_baby4.jpg/', '30', '#물티슈#베베앙', 1, TO_DATE('20240225','YYYYMMDD'), TO_DATE('20240225','YYYYMMDD'), TO_DATE('20240305','YYYYMMDD'), 6, 1, 10000, 1667, '11:11:11:35',0,'베베앙','아기물티슈');
insert into proxybuyboard values( pr_num.nextval, 'admin', '관리자', 'food', '맛있는 초코 생크림 케이크! 저당으로 건강하게 즐기세요', '맛있는 초코 케이크입니다. 저당으로 건강하게 즐길 수 있는 생크림 초코 케이크 입니다. 냉동상태로 배송되니 배송걱정말고 주문하세요!', 'default.png', 'proxy_food4.jpg/', '15', '#초코케이크#저당케이크', 1, TO_DATE('20240226','YYYYMMDD'), TO_DATE('20240226','YYYYMMDD'), TO_DATE('20240320','YYYYMMDD'), 10, 1, 60000, 6000, '11:11:11:36',0,'고디바','케이크');
insert into proxybuyboard values( pr_num.nextval, 'admin', '관리자', 'life', '건강한 생활을위한 건강을 챙긴 비타민!', '재산권의 행사는 공공복리에 적합하도록 하여야 한다. 모든 국민은 언론·출판의 자유와 집회·결사의 자유를 가진다. 재의의 요구가 있을 때에는 국회는 재의에 붙이고, 재적의원과반수의 출석과 출석의원 3분의 2 이상의 찬성으로 전과 같은 의결을 하면 그 법률안은 법률로서 확정된다.', 'default.png', 'proxy_life4.jpg/', '14', '#자켓#가을#체크', 1, TO_DATE('20240227','YYYYMMDD'), TO_DATE('20240227','YYYYMMDD'), TO_DATE('20240307','YYYYMMDD'), 7, 1, 60000, 8572, '11:11:11:37',0,'test','testedProduct');
insert into proxybuyboard values( pr_num.nextval, 'admin', '관리자', 'beautyAndFashion', '수분감 가득한 모이스쳐 뱀푸 샴푸', '공무원은 국민전체에 대한 봉사자이며, 국민에 대하여 책임을 진다. 국민경제자문회의의 조직·직무범위 기타 필요한 사항은 법률로 정한다. 대통령은 법률에서 구체적으로 범위를 정하여 위임받은 사항과 법률을 집행하기 위하여 필요한 사항에 관하여 대통령령을 발할 수 있다.', 'default.png', 'proxy_beautyAndFashion6.jpg/', '31', '#강아지#원단#베레모', 1, TO_DATE('20240228','YYYYMMDD'), TO_DATE('20240228','YYYYMMDD'), TO_DATE('20240325','YYYYMMDD'), 6, 1, 60000, 10000, '11:11:11:38',0,'moui','샴푸');
insert into proxybuyboard values( pr_num.nextval, 'admin', '관리자', 'etc', '귀에 즐거움을 선사할 에어팟!', '특가로 공구 진행되는 에어팟 소개드립니다. 국내 최저가 보장합니다! 이번기회에 득템하시길 바랍니다.', 'default.png', 'proxy_etc1.jpg/', '34', '#에어팟#애플', 1, TO_DATE('20240229','YYYYMMDD'), TO_DATE('20240229','YYYYMMDD'), TO_DATE('20240329','YYYYMMDD'), 4, 1, 180000, 12500, '11:11:11:39',0,'애플','에어팟3');
insert into proxybuyboard values( pr_num.nextval, 'admin', '관리자', 'pet', '반려견들이 사랑하는 수제간식', '반려견이 좋아하는 수제간식입니다. 유기농 재료를 사용했고 화학약품 일체 첨가되지 않았습니다. 치석제거에도 탁월한 효과가 있습니다.', 'default.png', 'proxy_pet1.jpg/', '41', '#강아지치석제거#강아지간식', 1, TO_DATE('20240301','YYYYMMDD'), TO_DATE('20240301','YYYYMMDD'), TO_DATE('20240330','YYYYMMDD'), 5, 1, 50000, 10000, '11:11:11:40',0,'닥터바이','간식');
insert into proxybuyboard values( pr_num.nextval, 'admin', '관리자', 'baby', '장난감 카메라', '아이들이 가지고 놀 수 있는 장난감 카메라 입니다. 비비드한 컬러가 특징입니다.', 'default.png', 'proxy_baby2.jpg/', '20', '#장난감카메라#어린이날선물', 1, TO_DATE('20240302','YYYYMMDD'), TO_DATE('20240302','YYYYMMDD'), TO_DATE('20240311','YYYYMMDD'), 8, 1, 80000, 10000, '11:11:11:41',0,'엠피지오','키즈프린트카메라');
insert into proxybuyboard values( pr_num.nextval, 'admin', '관리자', 'food', '맛있는 에그 타르트 세트 판매합니다!', '대통령은 제4항과 제5항의 규정에 의하여 확정된 법률을 지체없이 공포하여야 한다. 제5항에 의하여 법률이 확정된 후 또는 제4항에 의한 확정법률이 정부에 이송된 후 5일 이내에 대통령이 공포하지 아니할 때에는 국회의장이 이를 공포한다.', 'default.png', 'proxy_food6.jpg/', '9', '#강아지#원단#베레모', 1, TO_DATE('20240303','YYYYMMDD'), TO_DATE('20240303','YYYYMMDD'), TO_DATE('20240312','YYYYMMDD'), 3, 1, 10000, 3334, '11:11:11:42',0,'test','testedProduct');
insert into proxybuyboard values( pr_num.nextval, 'admin', '관리자', 'life', '향기로운 섬유유연제! 빨래로 힐링하세요', '포근한 라벤터향이 특징인 섬유유연제입니다. 옷의 부드러움은 물론 향기로 힐링까지 가능한 너무 좋은 제품입니다.', 'default.png', 'proxy_life2.jpg/', '26', '#샤프란#섬유연제#빨래세제', 1, TO_DATE('20240304','YYYYMMDD'), TO_DATE('20240304','YYYYMMDD'), TO_DATE('20240313','YYYYMMDD'), 8, 1, 10000, 1250, '11:11:11:43',0,'샤프란','섬유유연제');
insert into proxybuyboard values( pr_num.nextval, 'admin', '관리자', 'beautyAndFashion', '립스틱 세트', '다양한 컬러의 립스틱 5종세트 소개드립니다. 쿨톤 웜톤 모두잘 어룰리는 립스틱 세트입니다.', 'default.png', 'proxy_beautyAndFashion3.jpg/', '41', '#립스틱#립스틱세트', 1, TO_DATE('20240305','YYYYMMDD'), TO_DATE('20240305','YYYYMMDD'), TO_DATE('20240314','YYYYMMDD'), 4, 1, 90000, 22500, '11:11:11:44',0,'클리오','립스틱 세트');
insert into proxybuyboard values( pr_num.nextval, 'admin', '관리자', 'etc', '인테리어 소품으로 좋은 도자기 화병세트', '인테리어 효과도 줄 수 있고 이쁜 꽃도 꽂을 수 있는 도자기 화병을 판매합니다. 저도 집에 있는데 아주 이쁘고 좋더라구요', 'default.png', 'proxy_etc4.jpg/', '29', '#화병#도자기#인테리어소품', 1, TO_DATE('20240306','YYYYMMDD'), TO_DATE('20240306','YYYYMMDD'), TO_DATE('20240325','YYYYMMDD'), 5, 1, 10000, 2000, '11:11:11:45',0,'도브','화병');
insert into proxybuyboard values( pr_num.nextval, 'admin', '관리자', 'pet', '귀여운 강아지 인형세트입니다.', '탄핵결정은 공직으로부터 파면함에 그친다. 그러나, 이에 의하여 민사상이나 형사상의 책임이 면제되지는 아니한다. 헌법에 의하여 체결·공포된 조약과 일반적으로 승인된 국제법규는 국내법과 같은 효력을 가진다.', 'default.png', 'proxy_pet7.jpg/', '12', '#강아지#원단#베레모', 1, TO_DATE('20240307','YYYYMMDD'), TO_DATE('20240307','YYYYMMDD'), TO_DATE('20240302','YYYYMMDD'), 7, 1, 40000, 5715, '11:11:11:46',0,'test','testedProduct');
insert into proxybuyboard values( pr_num.nextval, 'admin', '관리자', 'baby', '방한용 우주복, 포근한 아기 우주복입니다', '포근함은 물론 겨울철 우리아이를 따뜻하게 지켜줄 방한복, 우주복! 따뜻함은 물론이 고 귀여움까지 챙길 수 있어서 너무 마음에 드는 제품입니다.', 'default.png', 'proxy_baby8.jpg/', '48', '#아기우주복#아기방한용품', 1, TO_DATE('20240308','YYYYMMDD'), TO_DATE('20240308','YYYYMMDD'), TO_DATE('20240317','YYYYMMDD'), 6, 1, 100000, 16667, '11:11:11:47',0,'베베아모르','방한우주복');
insert into proxybuyboard values( pr_num.nextval, 'admin', '관리자', 'food', '맛있는 도너츠 세트 판매합니다', '저당으로 건강까지 챙긴 맛있는 도넛. 세개 세트로 판매하고 한정세트만 판매하고 있으니 구매를 서둘러 주세요', 'default.png', 'proxy_food1.jpg/', '23', '#도너츠#저당간식', 1, TO_DATE('20240309','YYYYMMDD'), TO_DATE('20240309','YYYYMMDD'), TO_DATE('20240320','YYYYMMDD'), 2, 1, 100000, 50000, '11:11:11:48',0,'미주라','저당 도너츠');
insert into proxybuyboard values( pr_num.nextval, 'admin', '관리자', 'life', '포근한 쇼파용 담요', '공개하지 아니한 회의내용의 공표에 관하여는 법률이 정하는 바에 의한다. 제2항의 재판관중 3인은 국회에서 선출하는 자를, 3인은 대법원장이 지명하는 자를 임명한다.', 'default.png', 'proxy_life7.jpg/', '45', '#자켓#가을#체크', 0, TO_DATE('20240310','YYYYMMDD'), TO_DATE('20240310','YYYYMMDD'), TO_DATE('20240319','YYYYMMDD'), 1, 1, 70000, 70000, '11:11:11:49',0,'test','testedProduct');
insert into proxybuyboard values( pr_num.nextval, 'admin', '관리자', 'beautyAndFashion', '피서용 하늘하늘한 플라워패턴 원피스', '하늘하늘한 소재가 매력적인 피서지에 잘 어울리는 원피스입니다. 화려한 플라워패턴이 과하지 않고 적당해 피서지 포인트룩으로 아주 적당합니다. 디자인이 과하지 않기 때문에 피서지뿐만 아니라 일상복으로도 아주 좋아요', 'default.png', 'proxy_beautyAndFashion2.jpg/', '27', '#피서용원피스#원피스#여성옷', 1, TO_DATE('20240311','YYYYMMDD'), TO_DATE('20240311','YYYYMMDD'), TO_DATE('20240320','YYYYMMDD'), 3, 1, 80000, 26667, '11:11:11:50',0,'씨','플라워 패턴 원피스');
insert into proxybuyboard values( pr_num.nextval, 'admin', '관리자', 'etc', '신학기 준비를 위한 노트 세트!', '아이들 개학 필수품 노트세트입니다 다양한 색으로 남녀 어린이 모두 좋아할만한 디자인을 가졌습니다.', 'default.png', 'proxy_etc7.jpg/', '44', '#세제#샴푸#선물세트', 1, TO_DATE('20240312','YYYYMMDD'), TO_DATE('20240312','YYYYMMDD'), TO_DATE('20240321','YYYYMMDD'), 6, 1, 90000, 15000, '11:11:11:51',0,'모닝글로리','초등노트');
insert into proxybuyboard values( pr_num.nextval, 'admin', '관리자', 'pet', '강아지들 운동용품! 공하나로 반려견 건강 챙기세요', '재판의 전심절차로서 행정심판을 할 수 있다. 행정심판의 절차는 법률로 정하되, 사법절차가 준용되어야 한다. 대통령·국무총리·국무위원·행정각부의 장·헌법재판소 재판관·법관·중앙선거관리위원회 위원·감사원장·감사위원 기타 법률이 정한 공무원이 그 직무집행에 있어서 헌법이나 법률을 위배한 때에는 국회는 탄핵의 소추를 의결할 수 있다.', 'default.png', 'proxy_pet3.jpg/', '24', '#강아지공#강아지장난감#강아지선물', 0, TO_DATE('20240312','YYYYMMDD'), TO_DATE('20240312','YYYYMMDD'), TO_DATE('20240321','YYYYMMDD'), 1, 1, 10000, 10000, '11:11:11:52',0,'주니버스','강아지공');
insert into proxybuyboard values( pr_num.nextval, 'admin', '관리자', 'baby', '귀여운 아기내복 + 구매시 양말 세트 증정', '귀여운 여우와 토끼가 그려진 아기 내복입니다. 현재 구매하면 양말까지 증정된다고하니 서둘러서 구매하세요! * 양말 모두 소진시 제공되지 않는 점 양해 부탁드립니다.', 'default.png', 'proxy_baby7.jpg/', '18', '#아기내복#아기양말#아기방한용품', 1, TO_DATE('20240312','YYYYMMDD'), TO_DATE('20240312','YYYYMMDD'), TO_DATE('20240321','YYYYMMDD'), 4, 1, 70000, 17500, '11:11:11:53',0,'아가방','내복');
insert into proxybuyboard values( pr_num.nextval, 'admin', '관리자', 'food', '코카콜라 특가로 모십니다', '맛있는 코카콜라 특가로 저렴하게 판매중입니다. 역대급 최저가이니 서둘러서 구매해주세요', 'default.png', 'proxy_food2.jpg/', '35', '#콜라#탄산음료#코카콜라', 1, TO_DATE('20240312','YYYYMMDD'), TO_DATE('20240312','YYYYMMDD'), TO_DATE('20240321','YYYYMMDD'), 5, 1, 60000, 12000, '11:11:11:54',0,'코카콜라','콜라');

insert into BUSINESSAPPLYFORM values(BUS_APPLY_NUM.nextval,'좋은 제품 소개드립니다','<p>저희 제품 좋아서 소개시켜드리고 싶어서 글 남깁니다 검토 후 연락주시면 정말 감사하겠습니다!</p>','www.naver.com','그린아카데미','7388600360','16827','경기 용인시 수지구 신수로 767','19층','우리제품',100,1000000,'담당자','031-8003-1234','ymj@gmail.com','1',0,'inProgress',sysdate);
insert into BUSINESSAPPLYFORM values(BUS_APPLY_NUM.nextval,'저희 제품 신청합니다!','<p>공구로 저렴한 가격에 저희 제품 소개차 신청합니다 저희 회사 링크와 정보첨부드리니 검토 후 연락주시면 정말 감사하겠습니다!</p>','www.naver.com','컴퓨터학원','7388600360','16827','경기 용인시 수지구 신수로 767','19층','우리제품',100,1000000,'담당자','031-8003-1234','111@gmail.com','1',0,'inProgress',sysdate);
insert into BUSINESSAPPLYFORM values(BUS_APPLY_NUM.nextval,'우리 제품 너무 좋습니다 판매하고 싶어요!','<p>출시된지 얼마되지 않은 제품이라 홍보차 파이에서 저렴하게 판매하고자 신청합니다. 파이와 좋은 인연되면 좋겠습니다!</p>','www.naver.com','하이로닉','7388600360','16827','경기 용인시 수지구 신수로 767','19층','우리제품',100,1000000,'담당자','031-8003-1234','1@gmail.com','1',0,'inProgress',sysdate);
insert into BUSINESSAPPLYFORM values(BUS_APPLY_NUM.nextval,'신청하고 싶은 제품이 있어요','<p>파이 공구를 통해 저렴하게 제품을 판매하고 소개하고 너무 좋은 것 같네요 저희 제품 한 번 봐주시겠어요?</p>','www.naver.com','존슨앤베이비','7388600360','16827','경기 용인시 수지구 신수로 767','19층','우리제품',100,1000000,'담당자','031-8003-1234','1@gmail.com','1',0,'inProgress',sysdate);
insert into BUSINESSAPPLYFORM values(BUS_APPLY_NUM.nextval,'저희 제품 좀 봐주세요','<p>공구로 저렴한 가격에 저희 제품 소개차 신청합니다 저희 회사 링크와 정보첨부드리니 검토 후 연락주시면 정말 감사하겠습니다!</p>','www.naver.com','GS25','7388600360','16827','경기 용인시 수지구 신수로 767','19층','우리제품',100,1000000,'담당자','031-8003-1234','111@gmail.com','1',0,'inProgress',sysdate);
insert into BUSINESSAPPLYFORM values(BUS_APPLY_NUM.nextval,'안녕하세요 제품 신청합니다~','<p>새롭게 홈케어제품 출시되서 소개차 글 남깁니다. 저희 홈페이지 들어가시면 자세한 제품정보 확인 가능하시고, 궁금한 점이 있으시다면 언제든지 연락주시면 감사하겠습니다!</p>','www.naver.com','CU','7388600360','16827','경기 용인시 수지구 신수로 767','19층','우리제품',100,1000000,'담당자','031-8003-1234','1@gmail.com','1',0,'inProgress',sysdate);
insert into BUSINESSAPPLYFORM values(BUS_APPLY_NUM.nextval,'저희 제품 한 번 봐주세요!','<p>새롭게 홈케어제품 출시되서 소개차 글 남깁니다. 저희 홈페이지 들어가시면 자세한 제품정보 확인 가능하시고, 궁금한 점이 있으시다면 언제든지 연락주시면 감사하겠습니다!</p>','www.naver.com','대웅제약','7388600360','16827','경기 용인시 수지구 신수로 767','19층','우리제품',100,1000000,'담당자','031-8003-1234','1@gmail.com','1',0,'inProgress',sysdate);
insert into BUSINESSAPPLYFORM values(BUS_APPLY_NUM.nextval,'초특가로 제품 소개드려요','<p>공구로 저렴한 가격에 저희 제품 소개차 신청합니다 저희 회사 링크와 정보첨부드리니 검토 후 연락주시면 정말 감사하겠습니다!</p>','www.naver.com','이젠아카데미','7388600360','16827','경기 용인시 수지구 신수로 767','19층','우리제품',100,1000000,'담당자','031-8003-1234','1@gmail.com','1',0,'inProgress',sysdate);
insert into BUSINESSAPPLYFORM values(BUS_APPLY_NUM.nextval,'저희 제품 한 번 보시면 맘에 드실거에요','<p>저희 제품 좋아서 소개시켜드리고 싶어서 글 남깁니다 검토 후 연락주시면 정말 감사하겠습니다!</p>','www.naver.com','파마리서치프로젝트','7388600360','16827','경기 용인시 수지구 신수로 767','19층','우리제품',100,1000000,'담당자','031-8003-1234','111@gmail.com','1',0,'inProgress',sysdate);
insert into BUSINESSAPPLYFORM values(BUS_APPLY_NUM.nextval,'판매하고 싶습니다!','<p>치아 건강을 위한 제품이 새롭게 출시되어 홍보차 저렴하게 소개드리고 싶어서 신청합니다! 기재된 메일로 저희 제품 카달로그 같이 첨부해드리오니, 확인해주시면 감사하겠습니다.</p>','www.naver.com','덴티움','7388600360','16827','경기 용인시 수지구 신수로 767','19층','우리제품',100,1000000,'담당자','031-8003-1234','111@gmail.com','1',0,'inProgress',sysdate);
insert into BUSINESSAPPLYFORM values(BUS_APPLY_NUM.nextval,'저희 제품에 자신있습니다!','<p>파이 공구를 통해 저렴하게 제품을 판매하고 소개하고 너무 좋은 것 같네요 저희 제품 한 번 봐주시겠어요?</p>','www.naver.com','제이에스메디칼','7388600360','16827','경기 용인시 수지구 신수로 767','19층','우리제품',100,1000000,'담당자','031-8003-1234','111@gmail.com','1',0,'inProgress',sysdate);
insert into BUSINESSAPPLYFORM values(BUS_APPLY_NUM.nextval,'너무 좋은 저희 제품 파이분들에게 소개드리고 싶어요','<p>이미 인스타그램 등 SNS로 핫한 저희 제품 파이 입점에 신청합니다. 이미 입소문난 제품이라 자신있게 소개드려요 ^^</p>','www.naver.com','루트로닉','7388600360','16827','경기 용인시 수지구 신수로 767','19층','우리제품',100,1000000,'담당자','031-8003-1234','111@gmail.com','1',0,'inProgress',sysdate);
insert into BUSINESSAPPLYFORM values(BUS_APPLY_NUM.nextval,'저희 제품 좀 봐주실래요?','<p>새롭게 홈케어제품 출시되서 소개차 글 남깁니다. 저희 홈페이지 들어가시면 자세한 제품정보 확인 가능하시고, 궁금한 점이 있으시다면 언제든지 연락주시면 감사하겠습니다!</p>','www.naver.com','클래시스','7388600360','16827','경기 용인시 수지구 신수로 767','19층','우리제품',100,1000000,'담당자','031-8003-1234','111@gmail.com','1',0,'inProgress',sysdate);
insert into BUSINESSAPPLYFORM values(BUS_APPLY_NUM.nextval,'안녕하세요 한솔입니다','<p>고품질의 A4용지 전문기업 한솔제지입니다! 이번에 재활용용지를 새롭게 출시하게되어 파이에 입점 신청합니다. 환경을 생각하는 기업 한솔입니다.</p>','www.naver.com','한솔','7388600360','16827','경기 용인시 수지구 신수로 767','19층','우리제품',100,1000000,'담당자','031-8003-1234','111@gmail.com','1',0,'inProgress',sysdate);

insert into shareServiceBoard values(num.nextval,'pie1111','파이1111','game','1','닌텐도 계정 공유하실분 구합니다.','닌텐도 계정 같이 사용하실분 급하게 구합니다.','pr1.png','nintendoOnline.jpeg/',0,'#게임#닌텐도#공유',1,TO_DATE('20240312','YYYYMMDD'), TO_DATE('20240312','YYYYMMDD'), TO_DATE('20240321','YYYYMMDD'),8,1,37900,4738,'11:11:11:51',0,'닌텐도(Nintendo)','패밀리 플랜(family)');
insert into shareServiceBoard values(num.nextval,'pie1112','파이1112','OTT','1','넷플릭스 프리미엄 계정 공유하실분 구합니다.','넷플릭스 계정 같이 사용하실분 급하게 구합니다.','pr2.png','netflix2.png/',0,'#OTT#넷플릭스#공유',1,TO_DATE('20240312','YYYYMMDD'), TO_DATE('20240312','YYYYMMDD'), TO_DATE('20240321','YYYYMMDD'),3,1,17000,5667,'11:11:11:52',0,'넷플릭스(Netflix)','프리미엄(premium)');
insert into shareServiceBoard values(num.nextval,'pie1113','파이1113','bookAndMusic','1','밀리 계정 공유하실분 구합니다.','밀리 계정 같이 사용하실분 급하게 구합니다.','pr3.png','milli.jpg/',0,'#도서#밀리#공유',1,TO_DATE('20240312','YYYYMMDD'), TO_DATE('20240312','YYYYMMDD'), TO_DATE('20240321','YYYYMMDD'),5,1,9900,1980,'11:11:11:53',0,'밀리의 서재(Millie)','전자책 정기구독(standard))');
insert into shareServiceBoard values(num.nextval,'pie1114','파이1114','OTT','1','왓챠 계정 공유하실분 구합니다.','왓챠 계정 같이 사용하실분 급하게 구합니다.','pr4.png','watcha.jpg/',0,'#OTT#왓챠#공유',1,TO_DATE('20240312','YYYYMMDD'), TO_DATE('20240312','YYYYMMDD'), TO_DATE('20240321','YYYYMMDD'),4,1,10830,2708,'11:11:11:54',0,'왓챠(Watcha)','프리미엄(premium)');
insert into shareServiceBoard values(num.nextval,'pie1115','파이1115','OTT','1','디즈니 프리미엄 계정 공유하실분 구합니다.','디즈니 계정 같이 사용하실분 급하게 구합니다.','pr5.png','disney.png/',0,'#OTT#디즈니#공유',1,TO_DATE('20240312','YYYYMMDD'), TO_DATE('20240312','YYYYMMDD'), TO_DATE('20240321','YYYYMMDD'),4,1,13900,3475,'11:11:11:55',0,'디즈니플러스(Disney+)','프리미엄(premium)');
insert into shareServiceBoard values(num.nextval,'pie1116','파이1116','bookAndMusic','1','스포티파이 계정 공유하실분 구합니다.','스포티파이 계정 같이 사용하실분 급하게 구합니다.','pr6.png','spotify.jpg/',0,'#음악#스포티파이#공유',1,TO_DATE('20240312','YYYYMMDD'), TO_DATE('20240312','YYYYMMDD'), TO_DATE('20240321','YYYYMMDD'),2,1,16350,8175,'11:11:11:56',0,'스포티파이(Spotify)','듀오(duo)');
insert into shareServiceBoard values(num.nextval,'pie1117','파이1117','game','1','닌텐도 패밀리 계정 공유하실분 구합니다.','닌텐도 계정 같이 사용하실분 급하게 구합니다.','pr7.png','nintendoswitch.jpg/',0,'#게임#닌텐도#공유',1,TO_DATE('20240312','YYYYMMDD'), TO_DATE('20240312','YYYYMMDD'), TO_DATE('20240321','YYYYMMDD'),8,1,37900,4738,'11:11:11:57',0,'닌텐도(Nintendo)','패밀리 플랜(family)');
insert into shareServiceBoard values(num.nextval,'pie1118','파이1118','OTT','1','웨이브 프리미엄 계정 공유하실분 구합니다.','웨이브 프리미엄 계정 같이 사용하실분 급하게 구합니다.','pr8.png','wavve.jpg/',0,'#OTT#웨이브#공유',1,TO_DATE('20240312','YYYYMMDD'), TO_DATE('20240312','YYYYMMDD'), TO_DATE('20240321','YYYYMMDD'),4,1,13900,3475,'11:11:11:58',0,'웨이브(Wavve)','프리미엄(premium)');
insert into shareServiceBoard values(num.nextval,'pie1119','파이1119','bookAndMusic','1','밀리의 서재 계정 공유하실분 구합니다.','밀리 계정 같이 사용하실분 급하게 구합니다.','pr9.png','milli2.jpg/',0,'#도서#밀리#공유',1,TO_DATE('20240312','YYYYMMDD'), TO_DATE('20240312','YYYYMMDD'), TO_DATE('20240321','YYYYMMDD'),5,1,9900,1980,'11:11:11:59',0,'밀리의 서재(Millie)','전자책 정기구독(standard))');
insert into shareServiceBoard values(num.nextval,'pie1120','파이1120','OTT','1','티빙 프리미엄 계정 공유하실분 구합니다.','티빙 계정 같이 사용하실분 급하게 구합니다.','pr10.png','tving.jpg/',0,'#OTT#티빙#공유',1,TO_DATE('20240312','YYYYMMDD'), TO_DATE('20240312','YYYYMMDD'), TO_DATE('20240321','YYYYMMDD'),4,1,17000,4250,'11:11:11:60',0,'티빙(Tving)','프리미엄(premium)');
insert into shareServiceBoard values(num.nextval,'pie1121','파이1121','bookAndMusic','1','스포티파이 듀오 계정 공유하실분 구합니다.','스포티파이 계정 같이 사용하실분 급하게 구합니다.','pr11.png','spotify3.jpg/',0,'#음악#스포티파이#공유',1,TO_DATE('20240312','YYYYMMDD'), TO_DATE('20240312','YYYYMMDD'), TO_DATE('20240321','YYYYMMDD'),2,1,16350,8175,'11:11:11:62',0,'스포티파이(Spotify)','듀오(duo)');
insert into shareServiceBoard values(num.nextval,'pie1122','파이1123','game','1','제발 닌텐도 계정 공유하실분 구합니다.','닌텐도 계정 같이 사용하실분 급하게 제발 구합니다.','pr12.png','nintendowill.jpg/',0,'#게임#닌텐도#공유',1,TO_DATE('20240312','YYYYMMDD'), TO_DATE('20240312','YYYYMMDD'), TO_DATE('20240321','YYYYMMDD'),8,1,37900,4738,'11:11:11:63',0,'닌텐도(Nintendo)','패밀리 플랜(family)');
insert into shareServiceBoard values(num.nextval,'pie1123','나는INFP','bookAndMusic','1','제발 스포티파이 듀오 계정 공유하실분 구합니다.','제발 스포티파이 계정 같이 사용하실분 급하게 구합니다.','pr13.png','spotify2.jpg/',0,'#음악#스포티파이#공유',1,TO_DATE('20240312','YYYYMMDD'), TO_DATE('20240312','YYYYMMDD'), TO_DATE('20240321','YYYYMMDD'),2,1,16350,8175,'11:11:11:62',0,'스포티파이(Spotify)','듀오(duo)');


insert into proxyApplyBoard values (pr_applyNum.nextval,'pie1111', '김파이다섯글자', 'beautyAndFashion', '더샘 컨실러 좋던데 공구 안해주시나요?', '<p>더샘 컨실러가 그렇게 좋다고 하던데 많이 사서 쟁이고 싶어서요.</p>
<p>안그래도 저렴하긴 한데 그래도 더 살 수 없을까요?</p>', 'Untitled-1-01.png', 'theSaem1.jpg/theSaem2.jpg', '2', TO_DATE('2024-03-01', 'yyyy-mm-dd'), TO_DATE('2024-03-01', 'yyyy-mm-dd'), TO_DATE('2024-03-08', 'yyyy-mm-dd'), '0:0:0:0:0:0:0:1', 'https://www.yogiyo.co.kr/mobile/#/', '더샘', '컨실러');

set define off;
insert into proxyApplyBoard values (pr_applyNum.nextval,'pie1111', '김파이1111', 'beautyAndFashion', '더샘 컨실러 좋던데 공구 안해주시나요?', '<p>더샘 컨실러가 그렇게 좋다고 하던데 많이 사서 쟁이고 싶어서요.</p>
<p>안그래도 저렴하긴 한데 그래도 더 살 수 없을까요?</p>', 'pr1.png', 'theSaem1.jpg/theSaem2.jpg', '2', TO_DATE('2024-03-01', 'yyyy-mm-dd'), TO_DATE('2024-03-01', 'yyyy-mm-dd'), TO_DATE('2024-03-08', 'yyyy-mm-dd'), '0:0:0:0:0:0:0:1', 'https://www.thesaemcosmetic.com/product/index.php?sca=001004005', '더샘', '컨실러');
insert into proxyApplyBoard values (pr_applyNum.nextval,'pie1112', '김파이1112', 'beautyAndFashion', '요즘 엄청 저렴한 브랜드 있더라구요.', '<p>맨인스토어라고 괜찮은 브랜드 있는데 혹시 파이에는 입점안하나요?</p>', 'pr2.png', 'manstore1.jpg/manstore2.jpg', '0', TO_DATE('2024-03-02', 'yyyy-mm-dd'), TO_DATE('2024-03-02', 'yyyy-mm-dd'), TO_DATE('2024-03-02', 'yyyy-mm-dd'), '0:0:0:0:0:0:0:1', 'https://maninstore.co.kr/product/mis-ykk-%EB%B9%84%EA%B1%B4-%EC%8A%A4%EC%9B%A8%EC%9D%B4%EB%93%9C-%EB%B0%94%EC%9D%B4%EC%BB%A4-%EC%9E%90%EC%BC%93/8081/display/1/', '맨인스토어', '자켓');
insert into proxyApplyBoard values (pr_applyNum.nextval,'pie1113', '김파이1113', 'life', '대용량 세탁세제 추천합니다!', '<p>요즘 세탁세제 좋은게 하나도 없는듯 ㅠ</p>
<p>파이에서 구해다 주세여</p>', 'pr3.png', 'clean1.jpg/', '0', TO_DATE('2024-03-03', 'yyyy-mm-dd'), TO_DATE('2024-03-03', 'yyyy-mm-dd'), TO_DATE('2024-03-03', 'yyyy-mm-dd'), '0:0:0:0:0:0:0:1', 'https://github.com/pieProject-Co-buying/pie/pull/152', '라보르', '세탁세제');
insert into proxyApplyBoard values (pr_applyNum.nextval,'pie1114', '김파이1114', 'life', '혹시 전자제품도 공구해주시나요?', '<p>전자제품류도 공구대행 해주시나요?<br> 해주셨으면 좋겠어요.</p>', 'pr4.png', 'vacuum.jpg/', '4', TO_DATE('2024-03-04', 'yyyy-mm-dd'), TO_DATE('2024-03-04', 'yyyy-mm-dd'), TO_DATE('2024-03-09', 'yyyy-mm-dd'), '0:0:0:0:0:0:0:1', 'https://browse.gmarket.co.kr/search?keyword=%ec%84%b8%ed%83%81%ec%84%b8%ec%a0%9c%5b&kwid=g0041687156721k20079232&jaehuid=200011048', '다이슨', '청소기');
insert into proxyApplyBoard values (pr_applyNum.nextval,'pie1115', '김파이1115', 'baby', '잉글레시나 유모차 부탁드려요!', '<p>이탈리아에서 온거라던데 직접 구하려니 너무 비싸네요<br> 혹시나 해서 여기 와보는데 혹시 공구 가능할까요? ㅠㅠ </p>', 'pr5.png', 'engle.jpg/', '3', TO_DATE('2024-03-05', 'yyyy-mm-dd'), TO_DATE('2024-03-05', 'yyyy-mm-dd'), TO_DATE('2024-03-09', 'yyyy-mm-dd'), '0:0:0:0:0:0:0:1', 'https://brand.naver.com/inglesina?gad_source=1&gclid=Cj0KCQjwwMqvBhCtARIsAIXsZpandydGwSQ_wDQFWIooAx5eljsuul12o4bZ_l0PvzOPea82ZB4Ug6UaAlKZEALw_wcB', '잉글레시아', '유모차');
insert into proxyApplyBoard values (pr_applyNum.nextval,'pie1116', '김파이1116', 'baby', '하베브릭스 국민육아템이래요~', '<p>하베브릭스 완전 추천해요~ 엄청 귀엽고 예쁜 장난감이예요~</p>', 'pr6.png', 'have1.jpg/have2.jpg', '1', TO_DATE('2024-03-06', 'yyyy-mm-dd'), TO_DATE('2024-03-06', 'yyyy-mm-dd'), TO_DATE('2024-03-09', 'yyyy-mm-dd'), '0:0:0:0:0:0:0:1', 'https://shinsegaemall.ssg.com/disp/brandShop.ssg?brandId=3000038793', '하베브릭스', '촉감놀이장난감');
insert into proxyApplyBoard values (pr_applyNum.nextval,'pie1117', '김파이1117', 'etc', '브랜드 헬스장이랑 제휴는 안되나요?', '<p>제휴해서 브랜드 할인 같은건 받을 수 없나요? 받을 수 있으면 좋을 것 같은데.</p>', 'pr7.png', 'gym1.jpg/', '1', TO_DATE('2024-03-07', 'yyyy-mm-dd'), TO_DATE('2024-03-07', 'yyyy-mm-dd'), TO_DATE('2024-03-09', 'yyyy-mm-dd'), '0:0:0:0:0:0:0:1', 'https://www.da-gym.co.kr/home', '다짐', '3개월 회원권');
insert into proxyApplyBoard values (pr_applyNum.nextval,'pie1118', '김파이1118', 'etc', '에어팟 공구는 안하나요?', '<p>에어팟도 공구하면 좀 싸지나요? 엄청비싸던데… <br>애플도 공구좀 해줘야한다고 생각합니다.</p>', 'pr8.png', 'airpot.jpg/', '0', TO_DATE('2024-03-08', 'yyyy-mm-dd'), TO_DATE('2024-03-08', 'yyyy-mm-dd'), TO_DATE('2024-03-08', 'yyyy-mm-dd'), '0:0:0:0:0:0:0:1', 'https://www.apple.com/kr/airpods/?afid=p238%7CsGEkrmsWO-dc_mtid_18707vxu38484_pcrid_652684858555_pgrid_118895106122_pntwk_g_pchan__pexid__&cid=aos-kr-kwgo-btb--slid---product-', '애플', '에어팟');
insert into proxyApplyBoard values (pr_applyNum.nextval,'pie1119', '김파이1119', 'pet', '강아지 사료 대용량 공구해주세요', '<p>엄청 괜찮은 사료가 있는데 대용량으로 밖에 안파네요 ㅠㅠ 공구좀 해주세요~~</p>', 'pr9.png', 'feeddog.jpg/', '1', TO_DATE('2024-03-09', 'yyyy-mm-dd'), TO_DATE('2024-03-09', 'yyyy-mm-dd'), TO_DATE('2024-03-12', 'yyyy-mm-dd'), '0:0:0:0:0:0:0:1', 'https://harimpetfood.com/product/detail.html?product_no=1583&gad_source=1&gclid=Cj0KCQjwwMqvBhCtARIsAIXsZpY4ZJL_AeiP6r4NSuWdniRzIYy3Z6VSu06bbd9W3FmTRvQt-2bMYbcaAhgDEALw_wcB', '밀레쥬', '프리미엄 강아지 사료');
insert into proxyApplyBoard values (pr_applyNum.nextval,'pie1120', '김파이1120', 'pet', '영양제 같은것도 공구 가능할까요?', '<p>영양제 완전 짱 추천드립니다. 우리애기 눈 영양제 먹고 엄청 효과 봤어여</p>', 'pr10.png', 'petcare.png/', '1', TO_DATE('2024-03-10', 'yyyy-mm-dd'), TO_DATE('2024-03-10', 'yyyy-mm-dd'), TO_DATE('2024-03-12', 'yyyy-mm-dd'), '0:0:0:0:0:0:0:1', 'https://goldrony.com/product/detail.html?product_no=233&gad_source=1&gclid=Cj0KCQjwwMqvBhCtARIsAIXsZpYMw1E5wUb_7cbIFVOYW8N4GGwzEREHhGEuo5lEbN43ExcTD8b7F4oaAueJEALw_wcB', '예스아임리얼', '비트트릿');
insert into proxyApplyBoard values (pr_applyNum.nextval,'pie1121', '김파이1121', 'food', '요즘 당근 철인데~', '<p>당근은 묶음으로 공구 안하나요? <br> 요즘 베이킹하는데 당근케이크 완전 괜찮더라구요</p>', 'pr11.png', 'carrot.jpg/', '0', TO_DATE('2024-03-09', 'yyyy-mm-dd'), TO_DATE('2024-03-11', 'yyyy-mm-dd'), TO_DATE('2024-03-09', 'yyyy-mm-dd'), '0:0:0:0:0:0:0:1', 'https://mart.baemin.com/goods/detail/443945?gad_source=1&gclid=Cj0KCQjwwMqvBhCtARIsAIXsZpb11dylop0jOtQshrzXY9SZzv7MsVscnZucLXdSTGO1feB30QNuOi0aAhEPEALw_wcB', '쿠팡', '당근');
insert into proxyApplyBoard values (pr_applyNum.nextval,'pie1122', '김파이1122', 'food', '밀키트 좋은 제품 있어서 완전 추천해요!', '<p>헉 혹시 이번에 생긴 밀키트 회사 아시나요?<br> 한번 먹어보고 싶은데 같이 해줄사람이 없어서 ㅠㅠ<br> 제발 해주세여 많이 사먹을게요</p>', 'pr12.png', 'mealkit.jpg/mealkit.png/', '0', TO_DATE('2024-03-12', 'yyyy-mm-dd'), TO_DATE('2024-03-12', 'yyyy-mm-dd'), TO_DATE('2024-03-12', 'yyyy-mm-dd'), '0:0:0:0:0:0:0:1', 'https://atemshop.com/product/detail.html?product_no=1276&gad_source=1', '한끼통살', '주먹밥');
