insert into member_user values ( mem_seq.nextval, 'pie1111', '1234', '1234', '김파이1111', '김파이1111', 'none', 'default.png', 'pie1111gmail.com', '010-1111-1111', '06314', '서울 강남구 논현로4길 39 (한빛빌라)', '105호', '1', null, 'none', TO_DATE('19000101','YYYYMMDD'), TO_DATE('19000101','YYYYMMDD'));
insert into member_user values ( mem_seq.nextval, 'pie1112', '1234', '1234', '김파이1112', '김파이1112', 'none', 'default.png', 'pie1112naver.com', '010-1112-1112', '06314', '서울 강남구 논현로 4', '105호', '1', null, 'none', TO_DATE('19000101','YYYYMMDD'), TO_DATE('19000101','YYYYMMDD'));
insert into member_user values ( mem_seq.nextval, 'pie1113', '1234', '1234', '김파이1113', '김파이1113', 'none', 'default.png', 'pie1113daum.net', '010-1113-1113', '06314', '서울 강남구 논현로 6 (혜정빌딩)', '105호', '1', null, 'none', TO_DATE('19000101','YYYYMMDD'), TO_DATE('19000101','YYYYMMDD'));
insert into member_user values ( mem_seq.nextval, 'pie1114', '1234', '1234', '김파이1114', '김파이1114', 'none', 'default.png', 'pie1114pie.com', '010-1114-1114', '06314', '서울 강남구 논현로 8 (서흥빌딩)', '105호', '1', null, 'none', TO_DATE('19000101','YYYYMMDD'), TO_DATE('19000101','YYYYMMDD'));
insert into member_user values ( mem_seq.nextval, 'pie1115', '1234', '1234', '김파이1115', '김파이1115', 'none', 'default.png', 'pie1115gmail.com', '010-1115-1115', '06315', '서울 강남구 논현로 10', '106호', '1', null, 'none', TO_DATE('19000101','YYYYMMDD'), TO_DATE('19000101','YYYYMMDD'));
insert into member_user values ( mem_seq.nextval, 'pie1116', '1234', '1234', '김파이1116', '김파이1116', 'none', 'default.png', 'pie1116naver.com', '010-1116-1116', '06316', '서울 강남구 논현로 12', '107호', '1', null, 'none', TO_DATE('19000101','YYYYMMDD'), TO_DATE('19000101','YYYYMMDD'));
insert into member_user values ( mem_seq.nextval, 'pie1117', '1234', '1234', '김파이1117', '김파이1117', 'none', 'default.png', 'pie1117daum.net', '010-1117-1117', '06317', '서울 강남구 논현로 14', '108호', '1', null, 'none', TO_DATE('19000101','YYYYMMDD'), TO_DATE('19000101','YYYYMMDD'));
insert into member_user values ( mem_seq.nextval, 'pie1118', '1234', '1234', '김파이1118', '김파이1118', 'none', 'default.png', 'pie1118pie.com', '010-1118-1118', '06318', '서울 강남구 논현로 16', '109호', '1', null, 'none', TO_DATE('19000101','YYYYMMDD'), TO_DATE('19000101','YYYYMMDD'));
insert into member_user values ( mem_seq.nextval, 'pie1119', '1234', '1234', '김파이1119', '김파이1119', 'none', 'default.png', 'pie1119gmail.com', '010-1119-1119', '06319', '서울 강남구 논현로 18 (지수빌딩)', '110호', '1', null, 'none', TO_DATE('19000101','YYYYMMDD'), TO_DATE('19000101','YYYYMMDD'));
insert into member_user values ( mem_seq.nextval, 'pie1120', '1234', '1234', '김파이1120', '김파이1120', 'none', 'default.png', 'pie1120naver.com', '010-1120-1120', '06320', '서울 강남구 논현로 32', '111호', '1', null, 'none', TO_DATE('19000101','YYYYMMDD'), TO_DATE('19000101','YYYYMMDD'));
insert into member_user values ( mem_seq.nextval, 'pie1121', '1234', '1234', '김파이1121', '김파이1121', 'none', 'default.png', 'pie1121daum.net', '010-1121-1121', '06321', '서울 강남구 논현로 34 (썬테크빌딩)', '112호', '1', null, 'none', TO_DATE('19000101','YYYYMMDD'), TO_DATE('19000101','YYYYMMDD'));
insert into member_user values ( mem_seq.nextval, 'pie1122', '1234', '1234', '김파이1122', '김파이1122', 'none', 'default.png', 'pie1122pie.com', '010-1122-1122', '06322', '서울 강남구 논현로 36', '113호', '1', null, 'none', TO_DATE('19000101','YYYYMMDD'), TO_DATE('19000101','YYYYMMDD'));
insert into member_user values ( mem_seq.nextval, 'pie1123', '1234', '1234', '김파이1123', '김파이1123', 'none', 'default.png', 'pie1123gmail.com', '010-1123-1123', '06323', '서울 강남구 논현로 38 (다우빌딩)', '114호', '1', null, 'none', TO_DATE('19000101','YYYYMMDD'), TO_DATE('19000101','YYYYMMDD'));
insert into member_user values ( mem_seq.nextval, 'pie1124', '1234', '1234', '김파이1124', '김파이1124', 'none', 'default.png', 'pie1124naver.com', '010-1124-1124', '06324', '서울 강남구 논현로 40 (메이븐빌딩)', '115호', '1', null, 'none', TO_DATE('19000101','YYYYMMDD'), TO_DATE('19000101','YYYYMMDD'));
insert into member_user values ( mem_seq.nextval, 'pie1125', '1234', '1234', '김파이1125', '김파이1125', 'none', 'default.png', 'pie1125daum.net', '010-1125-1125', '06325', '서울 강남구 논현로 40-2', '116호', '1', null, 'none', TO_DATE('19000101','YYYYMMDD'), TO_DATE('19000101','YYYYMMDD'));
insert into member_user values ( mem_seq.nextval, 'pie1126', '1234', '1234', '김파이1126', '김파이1126', 'none', 'default.png', 'pie1126pie.com', '010-1126-1126', '06326', '서울 강남구 논현로 42 (글로리빌딩)', '117호', '1', null, 'none', TO_DATE('19000101','YYYYMMDD'), TO_DATE('19000101','YYYYMMDD'));
insert into member_user values ( mem_seq.nextval, 'pie1127', '1234', '1234', '김파이1127', '김파이1127', 'none', 'default.png', 'pie1127gmail.com', '010-1127-1127', '06327', '서울 강남구 논현로 44 (우신빌딩)', '118호', '1', null, 'none', TO_DATE('19000101','YYYYMMDD'), TO_DATE('19000101','YYYYMMDD'));
insert into member_user values ( mem_seq.nextval, 'pie1128', '1234', '1234', '김파이1128', '김파이1128', 'none', 'default.png', 'pie1128naver.com', '010-1128-1128', '06328', '서울 강남구 논현로 46 (쌍봉빌딩)', '119호', '1', null, 'none', TO_DATE('19000101','YYYYMMDD'), TO_DATE('19000101','YYYYMMDD'));
insert into member_user values ( mem_seq.nextval, 'pie1129', '1234', '1234', '김파이1129', '김파이1129', 'none', 'default.png', 'pie1129daum.net', '010-1129-1129', '06329', '서울 강남구 논현로 48', '120호', '1', null, 'none', TO_DATE('19000101','YYYYMMDD'), TO_DATE('19000101','YYYYMMDD'));
insert into member_user values ( mem_seq.nextval, 'pie1130', '1234', '1234', '김파이1130', '김파이1130', 'none', 'default.png', 'pie1130pie.com', '010-1130-1130', '06330', '서울 강남구 논현로 50 (한영빌딩)', '121호', '1', null, 'none', TO_DATE('19000101','YYYYMMDD'), TO_DATE('19000101','YYYYMMDD'));
insert into member_user values ( mem_seq.nextval, 'pie1131', '1234', '1234', '김파이1131', '김파이1131', 'none', 'default.png', 'pie1131gmail.com', '010-1131-1131', '06331', '서울 강남구 논현로 52 (남현빌딩)', '122호', '1', null, 'none', TO_DATE('19000101','YYYYMMDD'), TO_DATE('19000101','YYYYMMDD'));
insert into member_user values ( mem_seq.nextval, 'pie1132', '1234', '1234', '김파이1132', '김파이1132', 'none', 'default.png', 'pie1132naver.com', '010-1132-1132', '06332', '서울 강남구 논현로 54 (연아빌딩)', '123호', '1', null, 'none', TO_DATE('19000101','YYYYMMDD'), TO_DATE('19000101','YYYYMMDD'));
insert into member_user values ( mem_seq.nextval, 'pie1133', '1234', '1234', '김파이1133', '김파이1133', 'none', 'default.png', 'pie1133daum.net', '010-1133-1133', '06333', '서울 강남구 논현로 56', '124호', '1', null, 'none', TO_DATE('19000101','YYYYMMDD'), TO_DATE('19000101','YYYYMMDD'));
insert into member_user values ( mem_seq.nextval, 'pie1134', '1234', '1234', '김파이1134', '김파이1134', 'none', 'default.png', 'pie1134pie.com', '010-1134-1134', '06334', '서울 강남구 논현로 58 (TS빌딩)', '125호', '1', null, 'none', TO_DATE('19000101','YYYYMMDD'), TO_DATE('19000101','YYYYMMDD'));
insert into member_user values ( mem_seq.nextval, 'pie1135', '1234', '1234', '김파이1135', '김파이1135', 'none', 'default.png', 'pie1135gmail.com', '010-1135-1135', '06335', '서울 강남구 논현로 60 (영광빌딩)', '126호', '1', null, 'none', TO_DATE('19000101','YYYYMMDD'), TO_DATE('19000101','YYYYMMDD'));
insert into member_user values ( mem_seq.nextval, 'pie1136', '1234', '1234', '김파이1136', '김파이1136', 'none', 'default.png', 'pie1136naver.com', '010-1136-1136', '06336', '서울 강남구 논현로 130 (다남빌딩)', '127호', '1', null, 'none', TO_DATE('19000101','YYYYMMDD'), TO_DATE('19000101','YYYYMMDD'));
insert into member_user values ( mem_seq.nextval, 'pie1137', '1234', '1234', '김파이1137', '김파이1137', 'none', 'default.png', 'pie1137daum.net', '010-1137-1137', '06337', '서울 강남구 논현로 132 (에스엔제이빌딩)', '128호', '1', null, 'none', TO_DATE('19000101','YYYYMMDD'), TO_DATE('19000101','YYYYMMDD'));
insert into member_user values ( mem_seq.nextval, 'pie1138', '1234', '1234', '김파이1138', '김파이1138', 'none', 'default.png', 'pie1138pie.com', '010-1138-1138', '06338', '서울 강남구 논현로 134 (연산MS)', '129호', '1', null, 'none', TO_DATE('19000101','YYYYMMDD'), TO_DATE('19000101','YYYYMMDD'));
insert into member_user values ( mem_seq.nextval, 'pie1139', '1234', '1234', '김파이1139', '김파이1139', 'none', 'default.png', 'pie1139gmail.com', '010-1139-1139', '06339', '서울 강남구 논현로 160', '130호', '1', null, 'none', TO_DATE('19000101','YYYYMMDD'), TO_DATE('19000101','YYYYMMDD'));
insert into member_user values ( mem_seq.nextval, 'pie1140', '1234', '1234', '김파이1140', '김파이1140', 'none', 'default.png', 'pie1140naver.com', '010-1140-1140', '06340', '서울 강남구 논현로 164 (유니북스빌딩)', '131호', '1', null, 'none', TO_DATE('19000101','YYYYMMDD'), TO_DATE('19000101','YYYYMMDD'));
insert into member_user values ( mem_seq.nextval, 'pie1141', '1234', '1234', '김파이1141', '김파이1141', 'none', 'default.png', 'pie1141daum.net', '010-1141-1141', '06341', '서울 강남구 논현로 166 (풍양빌딩)', '132호', '1', null, 'none', TO_DATE('19000101','YYYYMMDD'), TO_DATE('19000101','YYYYMMDD'));
insert into member_user values ( mem_seq.nextval, 'pie1142', '1234', '1234', '김파이1142', '김파이1142', 'none', 'default.png', 'pie1142pie.com', '010-1142-1142', '06342', '서울 강남구 논현로 168 (은하수빌딩)', '133호', '1', null, 'none', TO_DATE('19000101','YYYYMMDD'), TO_DATE('19000101','YYYYMMDD'));
insert into member_user values ( mem_seq.nextval, 'pie1143', '1234', '1234', '김파이1143', '김파이1143', 'none', 'default.png', 'pie1143gmail.com', '010-1143-1143', '06343', '서울 강남구 논현로 170 (서연빌딩)', '134호', '1', null, 'none', TO_DATE('19000101','YYYYMMDD'), TO_DATE('19000101','YYYYMMDD'));
insert into member_user values ( mem_seq.nextval, 'pie1144', '1234', '1234', '김파이1144', '김파이1144', 'none', 'default.png', 'pie1144naver.com', '010-1144-1144', '06344', '서울 강남구 논현로 307', '135호', '1', null, 'none', TO_DATE('19000101','YYYYMMDD'), TO_DATE('19000101','YYYYMMDD'));
insert into member_user values ( mem_seq.nextval, 'pie1145', '1234', '1234', '김파이1145', '김파이1145', 'none', 'default.png', 'pie1145daum.net', '010-1145-1145', '06345', '서울 강남구 논현로 308', '136호', '1', null, 'none', TO_DATE('19000101','YYYYMMDD'), TO_DATE('19000101','YYYYMMDD'));
insert into member_user values ( mem_seq.nextval, 'pie1146', '1234', '1234', '김파이1146', '김파이1146', 'none', 'default.png', 'pie1146pie.com', '010-1146-1146', '06346', '서울 강남구 논현로 309 (남일빌딩)', '137호', '1', null, 'none', TO_DATE('19000101','YYYYMMDD'), TO_DATE('19000101','YYYYMMDD'));
insert into member_user values ( mem_seq.nextval, 'pie1147', '1234', '1234', '김파이1147', '김파이1147', 'none', 'default.png', 'pie1147gmail.com', '010-1147-1147', '06347', '서울 강남구 논현로 317', '138호', '1', null, 'none', TO_DATE('19000101','YYYYMMDD'), TO_DATE('19000101','YYYYMMDD'));
insert into member_user values ( mem_seq.nextval, 'pie1148', '1234', '1234', '김파이1148', '김파이1148', 'none', 'default.png', 'pie1148naver.com', '010-1148-1148', '06348', '서울 강남구 논현로 325', '139호', '1', null, 'none', TO_DATE('19000101','YYYYMMDD'), TO_DATE('19000101','YYYYMMDD'));
insert into member_user values ( mem_seq.nextval, 'pie1149', '1234', '1234', '김파이1149', '김파이1149', 'none', 'default.png', 'pie1149daum.net', '010-1149-1149', '06349', '서울 강남구 논현로 326 (삼미빌딩)', '140호', '1', null, 'none', TO_DATE('19000101','YYYYMMDD'), TO_DATE('19000101','YYYYMMDD'));
insert into member_user values ( mem_seq.nextval, 'pie1150', '1234', '1234', '김파이1150', '김파이1150', 'none', 'default.png', 'pie1150pie.com', '010-1150-1150', '06350', '서울 강남구 논현로 329', '141호', '1', null, 'none', TO_DATE('19000101','YYYYMMDD'), TO_DATE('19000101','YYYYMMDD'));
insert into member_user values ( mem_seq.nextval, 'pie1151', '1234', '1234', '김파이1151', '김파이1151', 'none', 'default.png', 'pie1151gmail.com', '010-1151-1151', '06351', '서울 강남구 논현로 333 (역삼빌딩)', '142호', '1', null, 'none', TO_DATE('19000101','YYYYMMDD'), TO_DATE('19000101','YYYYMMDD'));
insert into member_user values ( mem_seq.nextval, 'pie1152', '1234', '1234', '김파이1152', '김파이1152', 'none', 'default.png', 'pie1152naver.com', '010-1152-1152', '06352', '서울 강남구 논현로 336 (건일빌딩)', '143호', '1', null, 'none', TO_DATE('19000101','YYYYMMDD'), TO_DATE('19000101','YYYYMMDD'));
insert into member_user values ( mem_seq.nextval, 'pie1153', '1234', '1234', '김파이1153', '김파이1153', 'none', 'default.png', 'pie1153daum.net', '010-1153-1153', '06353', '서울 강남구 논현로 338', '144호', '1', null, 'none', TO_DATE('19000101','YYYYMMDD'), TO_DATE('19000101','YYYYMMDD'));
insert into member_user values ( mem_seq.nextval, 'pie1154', '1234', '1234', '김파이1154', '김파이1154', 'none', 'default.png', 'pie1154pie.com', '010-1154-1154', '06354', '서울 강남구 논현로 340', '145호', '1', null, 'none', TO_DATE('19000101','YYYYMMDD'), TO_DATE('19000101','YYYYMMDD'));

insert into member_auth values ('pie1111', 'ROLE_USER');
insert into member_auth values ('pie1112', 'ROLE_USER');
insert into member_auth values ('pie1113', 'ROLE_USER');
insert into member_auth values ('pie1114', 'ROLE_USER');
insert into member_auth values ('pie1115', 'ROLE_USER');
insert into member_auth values ('pie1116', 'ROLE_USER');
insert into member_auth values ('pie1117', 'ROLE_USER');
insert into member_auth values ('pie1118', 'ROLE_USER');
insert into member_auth values ('pie1119', 'ROLE_USER');
insert into member_auth values ('pie1120', 'ROLE_USER');
insert into member_auth values ('pie1121', 'ROLE_USER');
insert into member_auth values ('pie1122', 'ROLE_USER');
insert into member_auth values ('pie1123', 'ROLE_USER');
insert into member_auth values ('pie1124', 'ROLE_USER');
insert into member_auth values ('pie1125', 'ROLE_USER');
insert into member_auth values ('pie1126', 'ROLE_USER');
insert into member_auth values ('pie1127', 'ROLE_USER');
insert into member_auth values ('pie1128', 'ROLE_USER');
insert into member_auth values ('pie1129', 'ROLE_USER');
insert into member_auth values ('pie1130', 'ROLE_USER');
insert into member_auth values ('pie1131', 'ROLE_USER');
insert into member_auth values ('pie1132', 'ROLE_USER');
insert into member_auth values ('pie1133', 'ROLE_USER');
insert into member_auth values ('pie1134', 'ROLE_USER');
insert into member_auth values ('pie1135', 'ROLE_USER');
insert into member_auth values ('pie1136', 'ROLE_USER');
insert into member_auth values ('pie1137', 'ROLE_USER');
insert into member_auth values ('pie1138', 'ROLE_USER');
insert into member_auth values ('pie1139', 'ROLE_USER');
insert into member_auth values ('pie1140', 'ROLE_USER');
insert into member_auth values ('pie1141', 'ROLE_USER');
insert into member_auth values ('pie1142', 'ROLE_USER');
insert into member_auth values ('pie1143', 'ROLE_USER');
insert into member_auth values ('pie1144', 'ROLE_USER');
insert into member_auth values ('pie1145', 'ROLE_USER');
insert into member_auth values ('pie1146', 'ROLE_USER');
insert into member_auth values ('pie1147', 'ROLE_USER');
insert into member_auth values ('pie1148', 'ROLE_USER');
insert into member_auth values ('pie1149', 'ROLE_USER');
insert into member_auth values ('pie1150', 'ROLE_USER');
insert into member_auth values ('pie1151', 'ROLE_USER');
insert into member_auth values ('pie1152', 'ROLE_USER');
insert into member_auth values ('pie1153', 'ROLE_USER');
insert into member_auth values ('pie1154', 'ROLE_USER');

select*from member_user;

UPDATE member_user
SET email = SUBSTR(email, 1, 7) || '@' || SUBSTR(email, 8) where id like 'pie%';
rollback;
commit;

select*from townbuyboard;

SELECT *
		FROM townBuyBoard
		WHERE to_num IN (SELECT boardNum FROM likeTable where likingid = 'pie1111' and boardtable='townBuyBoard');
SELECT *
		FROM proxybuyboard
		WHERE pr_num IN (SELECT boardNum FROM likeTable where likingid = 'pie1111' and boardtable='proxyBuyBoard');


select*from liketable;



insert into townBuyBoard values( to_num.nextval, 'pie1111', '김파이1111', 'life', '0', '대통령은 제3항과 제4항의 사유를 지체없이 공포하여야 한다....', '국가는 재해를 예방하고 그 위험으로부터 국민을 보호하기 위하여 노력하여야 한다. 국회의원은 그 지위를 남용하여 국가·공공단체 또는 기업체와의 계약이나 그 처분에 의하여 재산상의 권리·이익 또는 직위를 취득하거나 타인을 위하여 그 취득을 알선할 수 없다.', 'default.png', 'img1.jpg/', '12', '#세제#샴푸#선물세트', '서울 강남구 논현로4길 39 (한빛빌라)', '0', TO_DATE('20240201','YYYYMMDD'), TO_DATE('20240201','YYYYMMDD'), TO_DATE('20240210','YYYYMMDD'), 4, 1, 10000, 2500, '11:11:11:11', 0);
insert into townBuyBoard values( to_num.nextval, 'pie1112', '김파이1112', 'etc', '1', '정당의 설립은 자유이며, 복수정당제는 보장된다. 연소자의 근로...', '행정각부의 장은 국무위원 중에서 국무총리의 제청으로 대통령이 임명한다. 누구든지 체포 또는 구속을 당한 때에는 적부의 심사를 법원에 청구할 권리를 가진다.', 'default.png', 'img2.jpg/', '32', '#게임팩#pc', '서울 강남구 논현로 4', '0', TO_DATE('20240202','YYYYMMDD'), TO_DATE('20240202','YYYYMMDD'), TO_DATE('20240211','YYYYMMDD'), 7, 5, 30000, 4286, '11:11:11:12', 0);
insert into townBuyBoard values( to_num.nextval, 'pie1113', '김파이1113', 'beautyAndFashion', '0', '국가는 노인과 청소년의 복지향상을 위한 정책을 실시할 의무를 ...', '사면·감형 및 복권에 관한 사항은 법률로 정한다. 신체장애자 및 질병·노령 기타의 사유로 생활능력이 없는 국민은 법률이 정하는 바에 의하여 국가의 보호를 받는다.', 'default.png', 'img3.jpg/', '32', '#자켓#가을#체크', '서울 강남구 논현로 6 (혜정빌딩)', '0', TO_DATE('20240203','YYYYMMDD'), TO_DATE('20240203','YYYYMMDD'), TO_DATE('20240212','YYYYMMDD'), 4, 3, 30000, 7500, '11:11:11:13', 0);
insert into townBuyBoard values( to_num.nextval, 'pie1114', '김파이1114', 'pet', '0', '모든 국민은 인간다운 생활을 할 권리를 가진다. 대통령이 임시...', '제2항과 제3항의 처분에 대하여는 법원에 제소할 수 없다. 모든 국민은 인간으로서의 존엄과 가치를 가지며, 행복을 추구할 권리를 가진다. 국가는 개인이 가지는 불가침의 기본적 인권을 확인하고 이를 보장할 의무를 진다.', 'default.png', 'img4.jpg/', '17', '#강아지#원단#베레모', '서울 강남구 논현로 8 (서흥빌딩)', '0', TO_DATE('20240204','YYYYMMDD'), TO_DATE('20240204','YYYYMMDD'), TO_DATE('20240213','YYYYMMDD'), 5, 4, 50000, 10000, '11:11:11:14', 0);
insert into townBuyBoard values( to_num.nextval, 'pie1115', '김파이1115', 'baby', '0', '모든 국민은 근로의 의무를 진다. 국가는 근로의 의무의 내용과 ...', '모든 국민은 법률이 정하는 바에 의하여 선거권을 가진다. 제2항과 제3항의 처분에 대하여는 법원에 제소할 수 없다. 이 헌법시행 당시의 법령과 조약은 이 헌법에 위배되지 아니하는 한 그 효력을 지속한다.', 'default.png', 'img5.jpg/', '20', '#세제#샴푸#선물세트', '서울 강남구 논현로 10', '0', TO_DATE('20240205','YYYYMMDD'), TO_DATE('20240205','YYYYMMDD'), TO_DATE('20240214','YYYYMMDD'), 7, 3, 20000, 2858, '11:11:11:15', 0);
insert into townBuyBoard values( to_num.nextval, 'pie1116', '김파이1116', 'food', '1', '농업생산성의 제고와 농지의 합리적인 이용을 위하거나 불가피한...', '대통령은 헌법과 법률이 정하는 바에 의하여 공무원을 임면한다. 공무원인 근로자는 법률이 정하는 자에 한하여 단결권·단체교섭권 및 단체행동권을 가진다.', 'default.png', 'img6.jpg/', '22', '#게임팩#pc', '서울 강남구 논현로 12', '0', TO_DATE('20240206','YYYYMMDD'), TO_DATE('20240206','YYYYMMDD'), TO_DATE('20240215','YYYYMMDD'), 2, 1, 90000, 45000, '11:11:11:16', 0);
insert into townBuyBoard values( to_num.nextval, 'pie1117', '김파이1117', 'life', '1', '국회에 제출된 법률안 기타의 의안은 회기중에 의결되지 못한 이...', '저작자·발명가·과학기술자와 예술가의 권리는 법률로써 보호한다. 법관이 중대한 심신상의 장해로 직무를 수행할 수 없을 때에는 법률이 정하는 바에 의하여 퇴직하게 할 수 있다.', 'default.png', 'img1.jpg/', '8', '#자켓#가을#체크', '서울 강남구 논현로 14', '0', TO_DATE('20240207','YYYYMMDD'), TO_DATE('20240207','YYYYMMDD'), TO_DATE('20240216','YYYYMMDD'), 7, 1, 100000, 14286, '11:11:11:17', 0);
insert into townBuyBoard values( to_num.nextval, 'pie1118', '김파이1118', 'etc', '0', '제1항의 탄핵소추는 국회재적의원 3분의 1 이상의 발의가 있어야...', '국회의원이 회기전에 체포 또는 구금된 때에는 현행범인이 아닌 한 국회의 요구가 있으면 회기중 석방된다. 국가는 건전한 소비행위를 계도하고 생산품의 품질향상을 촉구하기 위한 소비자보호운동을 법률이 정하는 바에 의하여 보장한다.', 'default.png', 'img2.jpg/', '10', '#강아지#원단#베레모', '서울 강남구 논현로 16', '0', TO_DATE('20240208','YYYYMMDD'), TO_DATE('20240208','YYYYMMDD'), TO_DATE('20240217','YYYYMMDD'), 1, 1, 80000, 80000, '11:11:11:18', 0);
insert into townBuyBoard values( to_num.nextval, 'pie1119', '김파이1119', 'beautyAndFashion', '1', '감사원은 세입·세출의 결산을 매년 검사하여 대통령과 차년도국...', '국회의원은 국회에서 직무상 행한 발언과 표결에 관하여 국회외에서 책임을 지지 아니한다. 연소자의 근로는 특별한 보호를 받는다. 국가유공자·상이군경 및 전몰군경의 유가족은 법률이 정하는 바에 의하여 우선적으로 근로의 기회를 부여받는다.', 'default.png', 'img3.jpg/', '46', '#세제#샴푸#선물세트', '서울 강남구 논현로 18 (지수빌딩)', '0', TO_DATE('20240209','YYYYMMDD'), TO_DATE('20240209','YYYYMMDD'), TO_DATE('20240218','YYYYMMDD'), 8, 6, 30000, 3750, '11:11:11:19', 0);
insert into townBuyBoard values( to_num.nextval, 'pie1120', '김파이1120', 'pet', '0', '국회가 재적의원 과반수의 찬성으로 계엄의 해제를 요구한 때에...', '국회의 정기회는 법률이 정하는 바에 의하여 매년 1회 집회되며, 국회의 임시회는 대통령 또는 국회재적의원 4분의 1 이상의 요구에 의하여 집회된다. 국회는 국무총리 또는 국무위원의 해임을 대통령에게 건의할 수 있다.', 'default.png', 'img4.jpg/', '5', '#게임팩#pc', '서울 강남구 논현로 32', '0', TO_DATE('20240210','YYYYMMDD'), TO_DATE('20240210','YYYYMMDD'), TO_DATE('20240219','YYYYMMDD'), 10, 10, 40000, 4000, '11:11:11:20', 0);
insert into townBuyBoard values( to_num.nextval, 'pie1121', '김파이1121', 'baby', '1', '국회는 국정을 감사하거나 특정한 국정사안에 대하여 조사할 수 ...', '공무원의 직무상 불법행위로 손해를 받은 국민은 법률이 정하는 바에 의하여 국가 또는 공공단체에 정당한 배상을 청구할 수 있다. 이 경우 공무원 자신의 책임은 면제되지 아니한다.', 'default.png', 'img5.jpg/', '17', '#자켓#가을#체크', '서울 강남구 논현로 34 (썬테크빌딩)', '0', TO_DATE('20240211','YYYYMMDD'), TO_DATE('20240211','YYYYMMDD'), TO_DATE('20240220','YYYYMMDD'), 1, 1, 50000, 50000, '11:11:11:21', 0);
insert into townBuyBoard values( to_num.nextval, 'pie1122', '김파이1122', 'food', '0', '모든 국민은 법률이 정하는 바에 의하여 선거권을 가진다. 대통...', '대통령은 제4항과 제5항의 규정에 의하여 확정된 법률을 지체없이 공포하여야 한다. 제5항에 의하여 법률이 확정된 후 또는 제4항에 의한 확정법률이 정부에 이송된 후 5일 이내에 대통령이 공포하지 아니할 때에는 국회의장이 이를 공포한다.', 'default.png', 'img6.jpg/', '25', '#강아지#원단#베레모', '서울 강남구 논현로 36', '0', TO_DATE('20240212','YYYYMMDD'), TO_DATE('20240212','YYYYMMDD'), TO_DATE('20240221','YYYYMMDD'), 6, 2, 40000, 6667, '11:11:11:22', 0);
insert into townBuyBoard values( to_num.nextval, 'pie1123', '김파이1123', 'life', '0', '공무원인 근로자는 법률이 정하는 자에 한하여 단결권·단체교섭...', '대통령은 제3항과 제4항의 사유를 지체없이 공포하여야 한다. 대통령의 국법상 행위는 문서로써 하며, 이 문서에는 국무총리와 관계 국무위원이 부서한다. 군사에 관한 것도 또한 같다.', 'default.png', 'img1.jpg/', '18', '#세제#샴푸#선물세트', '서울 강남구 논현로 38 (다우빌딩)', '0', TO_DATE('20240213','YYYYMMDD'), TO_DATE('20240213','YYYYMMDD'), TO_DATE('20240222','YYYYMMDD'), 4, 1, 90000, 22500, '11:11:11:23', 0);
insert into townBuyBoard values( to_num.nextval, 'pie1124', '김파이1124', 'etc', '1', '대통령의 임기는 5년으로 하며, 중임할 수 없다. 제3항의 승인을...', '대통령은 취임에 즈음하여 다음의 선서를 한다. 국회는 국민의 보통·평등·직접·비밀선거에 의하여 선출된 국회의원으로 구성한다. 대통령은 제1항과 제2항의 처분 또는 명령을 한 때에는 지체없이 국회에 보고하여 그 승인을 얻어야 한다.', 'default.png', 'img2.jpg/', '42', '#게임팩#pc', '서울 강남구 논현로 40 (메이븐빌딩)', '0', TO_DATE('20240214','YYYYMMDD'), TO_DATE('20240214','YYYYMMDD'), TO_DATE('20240223','YYYYMMDD'), 3, 3, 30000, 10000, '11:11:11:24', 0);
insert into townBuyBoard values( to_num.nextval, 'pie1125', '김파이1125', 'beautyAndFashion', '1', '대법원은 법률에 저촉되지 아니하는 범위안에서 소송에 관한 절...', '대통령은 법률이 정하는 바에 의하여 사면·감형 또는 복권을 명할 수 있다. 형사피고인은 유죄의 판결이 확정될 때까지는 무죄로 추정된다. 법률안에 이의가 있을 때에는 대통령은 제1항의 기간내에 이의서를 붙여 국회로 환부하고, 그 재의를 요구할 수 있다. 국회의 폐회중에도 또한 같다.', 'default.png', 'img3.jpg/', '14', '#자켓#가을#체크', '서울 강남구 논현로 40-2', '0', TO_DATE('20240215','YYYYMMDD'), TO_DATE('20240215','YYYYMMDD'), TO_DATE('20240224','YYYYMMDD'), 8, 3, 100000, 12500, '11:11:11:25', 0);
insert into townBuyBoard values( to_num.nextval, 'pie1126', '김파이1126', 'pet', '0', '훈장등의 영전은 이를 받은 자에게만 효력이 있고, 어떠한 특권...', '탄핵결정은 공직으로부터 파면함에 그친다. 그러나, 이에 의하여 민사상이나 형사상의 책임이 면제되지는 아니한다. 헌법에 의하여 체결·공포된 조약과 일반적으로 승인된 국제법규는 국내법과 같은 효력을 가진다.', 'default.png', 'img4.jpg/', '34', '#강아지#원단#베레모', '서울 강남구 논현로 42 (글로리빌딩)', '0', TO_DATE('20240216','YYYYMMDD'), TO_DATE('20240216','YYYYMMDD'), TO_DATE('20240225','YYYYMMDD'), 8, 3, 100000, 12500, '11:11:11:26', 0);
insert into townBuyBoard values( to_num.nextval, 'pie1127', '김파이1127', 'baby', '1', '헌법개정안은 국회가 의결한 후 30일 이내에 국민투표에 붙여 국...', '국회는 법률에 저촉되지 아니하는 범위안에서 의사와 내부규율에 관한 규칙을 제정할 수 있다. 행정각부의 장은 국무위원 중에서 국무총리의 제청으로 대통령이 임명한다.', 'default.png', 'img5.jpg/', '26', '#세제#샴푸#선물세트', '서울 강남구 논현로 44 (우신빌딩)', '0', TO_DATE('20240217','YYYYMMDD'), TO_DATE('20240217','YYYYMMDD'), TO_DATE('20240226','YYYYMMDD'), 3, 2, 20000, 6667, '11:11:11:27', 0);
insert into townBuyBoard values( to_num.nextval, 'pie1128', '김파이1128', 'food', '0', '국회는 선전포고, 국군의 외국에의 파견 또는 외국군대의 대한민...', '모든 국민은 고문을 받지 아니하며, 형사상 자기에게 불리한 진술을 강요당하지 아니한다. 대통령이 임시회의 집회를 요구할 때에는 기간과 집회요구의 이유를 명시하여야 한다.', 'default.png', 'img6.jpg/', '10', '#게임팩#pc', '서울 강남구 논현로 46 (쌍봉빌딩)', '0', TO_DATE('20240218','YYYYMMDD'), TO_DATE('20240218','YYYYMMDD'), TO_DATE('20240227','YYYYMMDD'), 4, 3, 30000, 7500, '11:11:11:28', 0);
insert into townBuyBoard values( to_num.nextval, 'pie1129', '김파이1129', 'life', '1', '지방의회의 조직·권한·의원선거와 지방자치단체의 장의 선임방...', '공개하지 아니한 회의내용의 공표에 관하여는 법률이 정하는 바에 의한다. 제2항의 재판관중 3인은 국회에서 선출하는 자를, 3인은 대법원장이 지명하는 자를 임명한다.', 'default.png', 'img1.jpg/', '21', '#자켓#가을#체크', '서울 강남구 논현로 48', '0', TO_DATE('20240219','YYYYMMDD'), TO_DATE('20240219','YYYYMMDD'), TO_DATE('20240228','YYYYMMDD'), 2, 2, 40000, 20000, '11:11:11:29', 0);
insert into townBuyBoard values( to_num.nextval, 'pie1130', '김파이1130', 'etc', '0', '군인·군무원·경찰공무원 기타 법률이 정하는 자가 전투·훈련...', '국가는 노인과 청소년의 복지향상을 위한 정책을 실시할 의무를 진다. 대통령의 선거에 관한 사항은 법률로 정한다. 모든 국민은 헌법과 법률이 정한 법관에 의하여 법률에 의한 재판을 받을 권리를 가진다.', 'default.png', 'img2.jpg/', '14', '#강아지#원단#베레모', '서울 강남구 논현로 50 (한영빌딩)', '0', TO_DATE('20240220','YYYYMMDD'), TO_DATE('20240220','YYYYMMDD'), TO_DATE('20240229','YYYYMMDD'), 4, 1, 80000, 20000, '11:11:11:30', 0);
insert into townBuyBoard values( to_num.nextval, 'pie1131', '김파이1131', 'beautyAndFashion', '1', '대통령은 제3항과 제4항의 사유를 지체없이 공포하여야 한다....', '대법원장은 국회의 동의를 얻어 대통령이 임명한다. 군인 또는 군무원이 아닌 국민은 대한민국의 영역안에서는 중대한 군사상 기밀·초병·초소·유독음식물공급·포로·군용물에 관한 죄중 법률이 정한 경우와 비상계엄이 선포된 경우를 제외하고는 군사법원의 재판을 받지 아니한다.', 'default.png', 'img3.jpg/', '33', '#세제#샴푸#선물세트', '서울 강남구 논현로 52 (남현빌딩)', '0', TO_DATE('20240221','YYYYMMDD'), TO_DATE('20240221','YYYYMMDD'), TO_DATE('20240301','YYYYMMDD'), 10, 10, 100000, 10000, '11:11:11:31', 0);
insert into townBuyBoard values( to_num.nextval, 'pie1132', '김파이1132', 'pet', '1', '정당의 설립은 자유이며, 복수정당제는 보장된다. 연소자의 근로...', '재판의 전심절차로서 행정심판을 할 수 있다. 행정심판의 절차는 법률로 정하되, 사법절차가 준용되어야 한다. 대통령·국무총리·국무위원·행정각부의 장·헌법재판소 재판관·법관·중앙선거관리위원회 위원·감사원장·감사위원 기타 법률이 정한 공무원이 그 직무집행에 있어서 헌법이나 법률을 위배한 때에는 국회는 탄핵의 소추를 의결할 수 있다.', 'default.png', 'img4.jpg/', '19', '#게임팩#pc', '서울 강남구 논현로 54 (연아빌딩)', '0', TO_DATE('20240222','YYYYMMDD'), TO_DATE('20240222','YYYYMMDD'), TO_DATE('20240302','YYYYMMDD'), 6, 3, 40000, 6667, '11:11:11:32', 0);
insert into townBuyBoard values( to_num.nextval, 'pie1133', '김파이1133', 'baby', '1', '국가는 노인과 청소년의 복지향상을 위한 정책을 실시할 의무를 ...', '국무총리는 국회의 동의를 얻어 대통령이 임명한다. 국무회의는 정부의 권한에 속하는 중요한 정책을 심의한다. 국회는 정부의 동의없이 정부가 제출한 지출예산 각항의 금액을 증가하거나 새 비목을 설치할 수 없다.', 'default.png', 'img5.jpg/', '24', '#자켓#가을#체크', '서울 강남구 논현로 56', '0', TO_DATE('20240223','YYYYMMDD'), TO_DATE('20240223','YYYYMMDD'), TO_DATE('20240303','YYYYMMDD'), 6, 5, 100000, 16667, '11:11:11:33', 0);
insert into townBuyBoard values( to_num.nextval, 'pie1134', '김파이1134', 'food', '1', '모든 국민은 인간다운 생활을 할 권리를 가진다. 대통령이 임시...', '감사원은 원장을 포함한 5인 이상 11인 이하의 감사위원으로 구성한다. 사면·감형 및 복권에 관한 사항은 법률로 정한다. 국회는 의원의 자격을 심사하며, 의원을 징계할 수 있다.', 'default.png', 'img6.jpg/', '49', '#강아지#원단#베레모', '서울 강남구 논현로 58 (TS빌딩)', '0', TO_DATE('20240224','YYYYMMDD'), TO_DATE('20240224','YYYYMMDD'), TO_DATE('20240304','YYYYMMDD'), 8, 4, 40000, 5000, '11:11:11:34', 0);
insert into townBuyBoard values( to_num.nextval, 'pie1135', '김파이1135', 'life', '0', '모든 국민은 근로의 의무를 진다. 국가는 근로의 의무의 내용과 ...', '정당은 법률이 정하는 바에 의하여 국가의 보호를 받으며, 국가는 법률이 정하는 바에 의하여 정당운영에 필요한 자금을 보조할 수 있다. 군인은 현역을 면한 후가 아니면 국무위원으로 임명될 수 없다.', 'default.png', 'img1.jpg/', '21', '#세제#샴푸#선물세트', '서울 강남구 논현로 60 (영광빌딩)', '1', TO_DATE('20240225','YYYYMMDD'), TO_DATE('20240225','YYYYMMDD'), TO_DATE('20240305','YYYYMMDD'), 3, 2, 30000, 10000, '11:11:11:35', 0);
insert into townBuyBoard values( to_num.nextval, 'pie1136', '김파이1136', 'etc', '0', '농업생산성의 제고와 농지의 합리적인 이용을 위하거나 불가피한...', '군사법원의 조직·권한 및 재판관의 자격은 법률로 정한다. 선거운동은 각급 선거관리위원회의 관리하에 법률이 정하는 범위안에서 하되, 균등한 기회가 보장되어야 한다.', 'default.png', 'img2.jpg/', '5', '#게임팩#pc', '서울 강남구 논현로 130 (다남빌딩)', '1', TO_DATE('20240226','YYYYMMDD'), TO_DATE('20240226','YYYYMMDD'), TO_DATE('20240306','YYYYMMDD'), 8, 2, 50000, 6250, '11:11:11:36', 0);
insert into townBuyBoard values( to_num.nextval, 'pie1137', '김파이1137', 'beautyAndFashion', '0', '국회에 제출된 법률안 기타의 의안은 회기중에 의결되지 못한 이...', '재산권의 행사는 공공복리에 적합하도록 하여야 한다. 모든 국민은 언론·출판의 자유와 집회·결사의 자유를 가진다. 재의의 요구가 있을 때에는 국회는 재의에 붙이고, 재적의원과반수의 출석과 출석의원 3분의 2 이상의 찬성으로 전과 같은 의결을 하면 그 법률안은 법률로서 확정된다.', 'default.png', 'img3.jpg/', '17', '#자켓#가을#체크', '서울 강남구 논현로 132 (에스엔제이빌딩)', '1', TO_DATE('20240227','YYYYMMDD'), TO_DATE('20240227','YYYYMMDD'), TO_DATE('20240307','YYYYMMDD'), 5, 2, 50000, 10000, '11:11:11:37', 0);
insert into townBuyBoard values( to_num.nextval, 'pie1138', '김파이1138', 'pet', '0', '제1항의 탄핵소추는 국회재적의원 3분의 1 이상의 발의가 있어야...', '공무원은 국민전체에 대한 봉사자이며, 국민에 대하여 책임을 진다. 국민경제자문회의의 조직·직무범위 기타 필요한 사항은 법률로 정한다. 대통령은 법률에서 구체적으로 범위를 정하여 위임받은 사항과 법률을 집행하기 위하여 필요한 사항에 관하여 대통령령을 발할 수 있다.', 'default.png', 'img4.jpg/', '26', '#강아지#원단#베레모', '서울 강남구 논현로 134 (연산MS)', '1', TO_DATE('20240228','YYYYMMDD'), TO_DATE('20240228','YYYYMMDD'), TO_DATE('20240308','YYYYMMDD'), 8, 3, 60000, 7500, '11:11:11:38', 0);
insert into townBuyBoard values( to_num.nextval, 'pie1139', '김파이1139', 'baby', '1', '감사원은 세입·세출의 결산을 매년 검사하여 대통령과 차년도국...', '국회의원은 국회에서 직무상 행한 발언과 표결에 관하여 국회외에서 책임을 지지 아니한다. 연소자의 근로는 특별한 보호를 받는다. 국가유공자·상이군경 및 전몰군경의 유가족은 법률이 정하는 바에 의하여 우선적으로 근로의 기회를 부여받는다.', 'default.png', 'img5.jpg/', '35', '#세제#샴푸#선물세트', '서울 강남구 논현로 160', '1', TO_DATE('20240229','YYYYMMDD'), TO_DATE('20240229','YYYYMMDD'), TO_DATE('20240309','YYYYMMDD'), 7, 5, 60000, 8572, '11:11:11:39', 0);
insert into townBuyBoard values( to_num.nextval, 'pie1140', '김파이1140', 'food', '0', '국회가 재적의원 과반수의 찬성으로 계엄의 해제를 요구한 때에...', '국회의 정기회는 법률이 정하는 바에 의하여 매년 1회 집회되며, 국회의 임시회는 대통령 또는 국회재적의원 4분의 1 이상의 요구에 의하여 집회된다. 국회는 국무총리 또는 국무위원의 해임을 대통령에게 건의할 수 있다.', 'default.png', 'img6.jpg/', '4', '#게임팩#pc', '서울 강남구 논현로 164 (유니북스빌딩)', '1', TO_DATE('20240301','YYYYMMDD'), TO_DATE('20240301','YYYYMMDD'), TO_DATE('20240310','YYYYMMDD'), 7, 1, 100000, 14286, '11:11:11:40', 0);
insert into townBuyBoard values( to_num.nextval, 'pie1141', '김파이1141', 'life', '0', '국회는 국정을 감사하거나 특정한 국정사안에 대하여 조사할 수 ...', '공무원의 직무상 불법행위로 손해를 받은 국민은 법률이 정하는 바에 의하여 국가 또는 공공단체에 정당한 배상을 청구할 수 있다. 이 경우 공무원 자신의 책임은 면제되지 아니한다.', 'default.png', 'img1.jpg/', '7', '#자켓#가을#체크', '서울 강남구 논현로 166 (풍양빌딩)', '1', TO_DATE('20240302','YYYYMMDD'), TO_DATE('20240302','YYYYMMDD'), TO_DATE('20240311','YYYYMMDD'), 8, 4, 40000, 5000, '11:11:11:41', 0);
insert into townBuyBoard values( to_num.nextval, 'pie1142', '김파이1142', 'etc', '1', '모든 국민은 법률이 정하는 바에 의하여 선거권을 가진다. 대통...', '대통령은 제4항과 제5항의 규정에 의하여 확정된 법률을 지체없이 공포하여야 한다. 제5항에 의하여 법률이 확정된 후 또는 제4항에 의한 확정법률이 정부에 이송된 후 5일 이내에 대통령이 공포하지 아니할 때에는 국회의장이 이를 공포한다.', 'default.png', 'img2.jpg/', '31', '#강아지#원단#베레모', '서울 강남구 논현로 168 (은하수빌딩)', '0', TO_DATE('20240303','YYYYMMDD'), TO_DATE('20240303','YYYYMMDD'), TO_DATE('20240312','YYYYMMDD'), 1, 1, 100000, 100000, '11:11:11:42', 0);
insert into townBuyBoard values( to_num.nextval, 'pie1143', '김파이1143', 'beautyAndFashion', '0', '공무원인 근로자는 법률이 정하는 자에 한하여 단결권·단체교섭...', '대통령은 제3항과 제4항의 사유를 지체없이 공포하여야 한다. 대통령의 국법상 행위는 문서로써 하며, 이 문서에는 국무총리와 관계 국무위원이 부서한다. 군사에 관한 것도 또한 같다.', 'default.png', 'img3.jpg/', '20', '#세제#샴푸#선물세트', '서울 강남구 논현로 170 (서연빌딩)', '1', TO_DATE('20240304','YYYYMMDD'), TO_DATE('20240304','YYYYMMDD'), TO_DATE('20240313','YYYYMMDD'), 2, 1, 60000, 30000, '11:11:11:43', 0);
insert into townBuyBoard values( to_num.nextval, 'pie1144', '김파이1144', 'pet', '0', '대통령의 임기는 5년으로 하며, 중임할 수 없다. 제3항의 승인을...', '대통령은 취임에 즈음하여 다음의 선서를 한다. 국회는 국민의 보통·평등·직접·비밀선거에 의하여 선출된 국회의원으로 구성한다. 대통령은 제1항과 제2항의 처분 또는 명령을 한 때에는 지체없이 국회에 보고하여 그 승인을 얻어야 한다.', 'default.png', 'img4.jpg/', '9', '#게임팩#pc', '서울 강남구 논현로 307', '0', TO_DATE('20240305','YYYYMMDD'), TO_DATE('20240305','YYYYMMDD'), TO_DATE('20240314','YYYYMMDD'), 1, 1, 20000, 20000, '11:11:11:44', 0);
insert into townBuyBoard values( to_num.nextval, 'pie1145', '김파이1145', 'baby', '1', '대법원은 법률에 저촉되지 아니하는 범위안에서 소송에 관한 절...', '대통령은 법률이 정하는 바에 의하여 사면·감형 또는 복권을 명할 수 있다. 형사피고인은 유죄의 판결이 확정될 때까지는 무죄로 추정된다. 법률안에 이의가 있을 때에는 대통령은 제1항의 기간내에 이의서를 붙여 국회로 환부하고, 그 재의를 요구할 수 있다. 국회의 폐회중에도 또한 같다.', 'default.png', 'img5.jpg/', '41', '#자켓#가을#체크', '서울 강남구 논현로 308', '1', TO_DATE('20240306','YYYYMMDD'), TO_DATE('20240306','YYYYMMDD'), TO_DATE('20240315','YYYYMMDD'), 6, 5, 100000, 16667, '11:11:11:45', 0);
insert into townBuyBoard values( to_num.nextval, 'pie1146', '김파이1146', 'food', '1', '훈장등의 영전은 이를 받은 자에게만 효력이 있고, 어떠한 특권...', '탄핵결정은 공직으로부터 파면함에 그친다. 그러나, 이에 의하여 민사상이나 형사상의 책임이 면제되지는 아니한다. 헌법에 의하여 체결·공포된 조약과 일반적으로 승인된 국제법규는 국내법과 같은 효력을 가진다.', 'default.png', 'img6.jpg/', '23', '#강아지#원단#베레모', '서울 강남구 논현로 309 (남일빌딩)', '0', TO_DATE('20240307','YYYYMMDD'), TO_DATE('20240307','YYYYMMDD'), TO_DATE('20240316','YYYYMMDD'), 2, 2, 70000, 35000, '11:11:11:46', 0);
insert into townBuyBoard values( to_num.nextval, 'pie1147', '김파이1147', 'life', '1', '헌법개정안은 국회가 의결한 후 30일 이내에 국민투표에 붙여 국...', '국회는 법률에 저촉되지 아니하는 범위안에서 의사와 내부규율에 관한 규칙을 제정할 수 있다. 행정각부의 장은 국무위원 중에서 국무총리의 제청으로 대통령이 임명한다.', 'default.png', 'img1.jpg/', '18', '#세제#샴푸#선물세트', '서울 강남구 논현로 317', '1', TO_DATE('20240308','YYYYMMDD'), TO_DATE('20240308','YYYYMMDD'), TO_DATE('20240317','YYYYMMDD'), 7, 2, 60000, 8572, '11:11:11:47', 0);
insert into townBuyBoard values( to_num.nextval, 'pie1148', '김파이1148', 'etc', '1', '국회는 선전포고, 국군의 외국에의 파견 또는 외국군대의 대한민...', '모든 국민은 고문을 받지 아니하며, 형사상 자기에게 불리한 진술을 강요당하지 아니한다. 대통령이 임시회의 집회를 요구할 때에는 기간과 집회요구의 이유를 명시하여야 한다.', 'default.png', 'img2.jpg/', '26', '#게임팩#pc', '서울 강남구 논현로 325', '1', TO_DATE('20240309','YYYYMMDD'), TO_DATE('20240309','YYYYMMDD'), TO_DATE('20240318','YYYYMMDD'), 3, 1, 90000, 30000, '11:11:11:48', 0);
insert into townBuyBoard values( to_num.nextval, 'pie1149', '김파이1149', 'beautyAndFashion', '1', '지방의회의 조직·권한·의원선거와 지방자치단체의 장의 선임방...', '공개하지 아니한 회의내용의 공표에 관하여는 법률이 정하는 바에 의한다. 제2항의 재판관중 3인은 국회에서 선출하는 자를, 3인은 대법원장이 지명하는 자를 임명한다.', 'default.png', 'img3.jpg/', '49', '#자켓#가을#체크', '서울 강남구 논현로 326 (삼미빌딩)', '1', TO_DATE('20240310','YYYYMMDD'), TO_DATE('20240310','YYYYMMDD'), TO_DATE('20240319','YYYYMMDD'), 9, 7, 90000, 10000, '11:11:11:49', 0);
insert into townBuyBoard values( to_num.nextval, 'pie1150', '김파이1150', 'pet', '0', '군인·군무원·경찰공무원 기타 법률이 정하는 자가 전투·훈련...', '국가는 노인과 청소년의 복지향상을 위한 정책을 실시할 의무를 진다. 대통령의 선거에 관한 사항은 법률로 정한다. 모든 국민은 헌법과 법률이 정한 법관에 의하여 법률에 의한 재판을 받을 권리를 가진다.', 'default.png', 'img4.jpg/', '40', '#강아지#원단#베레모', '서울 강남구 논현로 329', '0', TO_DATE('20240311','YYYYMMDD'), TO_DATE('20240311','YYYYMMDD'), TO_DATE('20240320','YYYYMMDD'), 1, 1, 100000, 100000, '11:11:11:50', 0);
insert into townBuyBoard values( to_num.nextval, 'pie1151', '김파이1151', 'baby', '1', '헌법개정안은 국회가 의결한 후 30일 이내에 국민투표에 붙여 국...', '대법원장은 국회의 동의를 얻어 대통령이 임명한다. 군인 또는 군무원이 아닌 국민은 대한민국의 영역안에서는 중대한 군사상 기밀·초병·초소·유독음식물공급·포로·군용물에 관한 죄중 법률이 정한 경우와 비상계엄이 선포된 경우를 제외하고는 군사법원의 재판을 받지 아니한다.', 'default.png', 'img5.jpg/', '4', '#세제#샴푸#선물세트', '서울 강남구 논현로 333 (역삼빌딩)', '1', TO_DATE('20240312','YYYYMMDD'), TO_DATE('20240312','YYYYMMDD'), TO_DATE('20240321','YYYYMMDD'), 2, 1, 70000, 35000, '11:11:11:51', 0);
insert into townBuyBoard values( to_num.nextval, 'pie1152', '김파이1152', 'food', '1', '국회는 선전포고, 국군의 외국에의 파견 또는 외국군대의 대한민...', '재판의 전심절차로서 행정심판을 할 수 있다. 행정심판의 절차는 법률로 정하되, 사법절차가 준용되어야 한다. 대통령·국무총리·국무위원·행정각부의 장·헌법재판소 재판관·법관·중앙선거관리위원회 위원·감사원장·감사위원 기타 법률이 정한 공무원이 그 직무집행에 있어서 헌법이나 법률을 위배한 때에는 국회는 탄핵의 소추를 의결할 수 있다.', 'default.png', 'img3.jpg/', '50', '#세제#샴푸#선물세트', '서울 강남구 논현로 336 (건일빌딩)', '0', TO_DATE('20240312','YYYYMMDD'), TO_DATE('20240312','YYYYMMDD'), TO_DATE('20240321','YYYYMMDD'), 10, 10, 40000, 4000, '11:11:11:52', 0);
insert into townBuyBoard values( to_num.nextval, 'pie1153', '김파이1153', 'life', '1', '지방의회의 조직·권한·의원선거와 지방자치단체의 장의 선임방...', '국무총리는 국회의 동의를 얻어 대통령이 임명한다. 국무회의는 정부의 권한에 속하는 중요한 정책을 심의한다. 국회는 정부의 동의없이 정부가 제출한 지출예산 각항의 금액을 증가하거나 새 비목을 설치할 수 없다.', 'default.png', 'img4.jpg/', '4', '#세제#샴푸#선물세트', '서울 강남구 논현로 338', '1', TO_DATE('20240312','YYYYMMDD'), TO_DATE('20240312','YYYYMMDD'), TO_DATE('20240321','YYYYMMDD'), 8, 5, 60000, 7500, '11:11:11:53', 0);
insert into townBuyBoard values( to_num.nextval, 'pie1154', '김파이1154', 'etc', '1', '군인·군무원·경찰공무원 기타 법률이 정하는 자가 전투·훈련...', '감사원은 원장을 포함한 5인 이상 11인 이하의 감사위원으로 구성한다. 사면·감형 및 복권에 관한 사항은 법률로 정한다. 국회는 의원의 자격을 심사하며, 의원을 징계할 수 있다.', 'default.png', 'img5.jpg/', '41', '#세제#샴푸#선물세트', '서울 강남구 논현로 340', '1', TO_DATE('20240312','YYYYMMDD'), TO_DATE('20240312','YYYYMMDD'), TO_DATE('20240321','YYYYMMDD'), 8, 4, 60000, 7500, '11:11:11:54', 0);


select * from townBuyBoard where to_address like
		'서울 강남%' and
		to_process= '1';

select * from shareServiceBoard;

insert into shareServiceBoard values( sh_num.nextval, 'pie1111', '김파이1111', 'game', '1', '대통령은 제3항과 제4항의 사유를 지체없이 공포하여야 한다....', '국가는 재해를 예방하고 그 위험으로부터 국민을 보호하기 위하여 노력하여야 한다. 국회의원은 그 지위를 남용하여 국가·공공단체 또는 기업체와의 계약이나 그 처분에 의하여 재산상의 권리·이익 또는 직위를 취득하거나 타인을 위하여 그 취득을 알선할 수 없다.', 'default.png', 'img1.jpg/', '47', '#세제#샴푸#선물세트', 0, TO_DATE('20240201','YYYYMMDD'), TO_DATE('20240201','YYYYMMDD'), TO_DATE('20240210','YYYYMMDD'), 8, 8, 100000, 12500, '11:11:11:11', 0,'');
insert into shareServiceBoard values( sh_num.nextval, 'pie1112', '김파이1112', 'ott', '1', '정당의 설립은 자유이며, 복수정당제는 보장된다. 연소자의 근로...', '행정각부의 장은 국무위원 중에서 국무총리의 제청으로 대통령이 임명한다. 누구든지 체포 또는 구속을 당한 때에는 적부의 심사를 법원에 청구할 권리를 가진다.', 'default.png', 'img2.jpg/', '31', '#게임팩#pc', 0, TO_DATE('20240202','YYYYMMDD'), TO_DATE('20240202','YYYYMMDD'), TO_DATE('20240211','YYYYMMDD'), 1, 1, 10000, 10000, '11:11:11:12', 0,'');
insert into shareServiceBoard values( sh_num.nextval, 'pie1113', '김파이1113', 'bookAndMusic', '1', '국가는 노인과 청소년의 복지향상을 위한 정책을 실시할 의무를 ...', '사면·감형 및 복권에 관한 사항은 법률로 정한다. 신체장애자 및 질병·노령 기타의 사유로 생활능력이 없는 국민은 법률이 정하는 바에 의하여 국가의 보호를 받는다.', 'default.png', 'img3.jpg/', '46', '#자켓#가을#체크', 0, TO_DATE('20240203','YYYYMMDD'), TO_DATE('20240203','YYYYMMDD'), TO_DATE('20240212','YYYYMMDD'), 6, 6, 60000, 10000, '11:11:11:13', 0,'');
insert into shareServiceBoard values( sh_num.nextval, 'pie1114', '김파이1114', 'game', '1', '모든 국민은 인간다운 생활을 할 권리를 가진다. 대통령이 임시...', '제2항과 제3항의 처분에 대하여는 법원에 제소할 수 없다. 모든 국민은 인간으로서의 존엄과 가치를 가지며, 행복을 추구할 권리를 가진다. 국가는 개인이 가지는 불가침의 기본적 인권을 확인하고 이를 보장할 의무를 진다.', 'default.png', 'img4.jpg/', '50', '#강아지#원단#베레모', 0, TO_DATE('20240204','YYYYMMDD'), TO_DATE('20240204','YYYYMMDD'), TO_DATE('20240213','YYYYMMDD'), 4, 3, 100000, 25000, '11:11:11:14', 0,'');
insert into shareServiceBoard values( sh_num.nextval, 'pie1115', '김파이1115', 'ott', '1', '모든 국민은 근로의 의무를 진다. 국가는 근로의 의무의 내용과 ...', '모든 국민은 법률이 정하는 바에 의하여 선거권을 가진다. 제2항과 제3항의 처분에 대하여는 법원에 제소할 수 없다. 이 헌법시행 당시의 법령과 조약은 이 헌법에 위배되지 아니하는 한 그 효력을 지속한다.', 'default.png', 'img5.jpg/', '28', '#세제#샴푸#선물세트', 0, TO_DATE('20240205','YYYYMMDD'), TO_DATE('20240205','YYYYMMDD'), TO_DATE('20240214','YYYYMMDD'), 5, 3, 50000, 10000, '11:11:11:15', 0,'');
insert into shareServiceBoard values( sh_num.nextval, 'pie1116', '김파이1116', 'bookAndMusic', '0', '농업생산성의 제고와 농지의 합리적인 이용을 위하거나 불가피한...', '대통령은 헌법과 법률이 정하는 바에 의하여 공무원을 임면한다. 공무원인 근로자는 법률이 정하는 자에 한하여 단결권·단체교섭권 및 단체행동권을 가진다.', 'default.png', 'img6.jpg/', '2', '#게임팩#pc', 0, TO_DATE('20240206','YYYYMMDD'), TO_DATE('20240206','YYYYMMDD'), TO_DATE('20240215','YYYYMMDD'), 9, 1, 10000, 1112, '11:11:11:16', 0,'');
insert into shareServiceBoard values( sh_num.nextval, 'pie1117', '김파이1117', 'game', '0', '국회에 제출된 법률안 기타의 의안은 회기중에 의결되지 못한 이...', '저작자·발명가·과학기술자와 예술가의 권리는 법률로써 보호한다. 법관이 중대한 심신상의 장해로 직무를 수행할 수 없을 때에는 법률이 정하는 바에 의하여 퇴직하게 할 수 있다.', 'default.png', 'img1.jpg/', '1', '#자켓#가을#체크', 0, TO_DATE('20240207','YYYYMMDD'), TO_DATE('20240207','YYYYMMDD'), TO_DATE('20240216','YYYYMMDD'), 6, 2, 60000, 10000, '11:11:11:17', 0,'');
insert into shareServiceBoard values( sh_num.nextval, 'pie1118', '김파이1118', 'ott', '0', '제1항의 탄핵소추는 국회재적의원 3분의 1 이상의 발의가 있어야...', '국회의원이 회기전에 체포 또는 구금된 때에는 현행범인이 아닌 한 국회의 요구가 있으면 회기중 석방된다. 국가는 건전한 소비행위를 계도하고 생산품의 품질향상을 촉구하기 위한 소비자보호운동을 법률이 정하는 바에 의하여 보장한다.', 'default.png', 'img2.jpg/', '35', '#강아지#원단#베레모', 0, TO_DATE('20240208','YYYYMMDD'), TO_DATE('20240208','YYYYMMDD'), TO_DATE('20240217','YYYYMMDD'), 3, 2, 70000, 23334, '11:11:11:18', 0,'');
insert into shareServiceBoard values( sh_num.nextval, 'pie1119', '김파이1119', 'bookAndMusic', '0', '감사원은 세입·세출의 결산을 매년 검사하여 대통령과 차년도국...', '국회의원은 국회에서 직무상 행한 발언과 표결에 관하여 국회외에서 책임을 지지 아니한다. 연소자의 근로는 특별한 보호를 받는다. 국가유공자·상이군경 및 전몰군경의 유가족은 법률이 정하는 바에 의하여 우선적으로 근로의 기회를 부여받는다.', 'default.png', 'img3.jpg/', '14', '#세제#샴푸#선물세트', 0, TO_DATE('20240209','YYYYMMDD'), TO_DATE('20240209','YYYYMMDD'), TO_DATE('20240218','YYYYMMDD'), 1, 1, 30000, 30000, '11:11:11:19', 0,'');
insert into shareServiceBoard values( sh_num.nextval, 'pie1120', '김파이1120', 'game', '1', '국회가 재적의원 과반수의 찬성으로 계엄의 해제를 요구한 때에...', '국회의 정기회는 법률이 정하는 바에 의하여 매년 1회 집회되며, 국회의 임시회는 대통령 또는 국회재적의원 4분의 1 이상의 요구에 의하여 집회된다. 국회는 국무총리 또는 국무위원의 해임을 대통령에게 건의할 수 있다.', 'default.png', 'img4.jpg/', '38', '#게임팩#pc', 0, TO_DATE('20240210','YYYYMMDD'), TO_DATE('20240210','YYYYMMDD'), TO_DATE('20240219','YYYYMMDD'), 9, 8, 30000, 3334, '11:11:11:20', 0,'');
insert into shareServiceBoard values( sh_num.nextval, 'pie1121', '김파이1121', 'ott', '1', '국회는 국정을 감사하거나 특정한 국정사안에 대하여 조사할 수 ...', '공무원의 직무상 불법행위로 손해를 받은 국민은 법률이 정하는 바에 의하여 국가 또는 공공단체에 정당한 배상을 청구할 수 있다. 이 경우 공무원 자신의 책임은 면제되지 아니한다.', 'default.png', 'img5.jpg/', '24', '#자켓#가을#체크', 0, TO_DATE('20240211','YYYYMMDD'), TO_DATE('20240211','YYYYMMDD'), TO_DATE('20240220','YYYYMMDD'), 6, 2, 10000, 1667, '11:11:11:21', 0,'');
insert into shareServiceBoard values( sh_num.nextval, 'pie1122', '김파이1122', 'bookAndMusic', '1', '모든 국민은 법률이 정하는 바에 의하여 선거권을 가진다. 대통...', '대통령은 제4항과 제5항의 규정에 의하여 확정된 법률을 지체없이 공포하여야 한다. 제5항에 의하여 법률이 확정된 후 또는 제4항에 의한 확정법률이 정부에 이송된 후 5일 이내에 대통령이 공포하지 아니할 때에는 국회의장이 이를 공포한다.', 'default.png', 'img6.jpg/', '31', '#강아지#원단#베레모', 0, TO_DATE('20240212','YYYYMMDD'), TO_DATE('20240212','YYYYMMDD'), TO_DATE('20240221','YYYYMMDD'), 3, 1, 100000, 33334, '11:11:11:22', 0,'');
insert into shareServiceBoard values( sh_num.nextval, 'pie1123', '김파이1123', 'game', '0', '공무원인 근로자는 법률이 정하는 자에 한하여 단결권·단체교섭...', '대통령은 제3항과 제4항의 사유를 지체없이 공포하여야 한다. 대통령의 국법상 행위는 문서로써 하며, 이 문서에는 국무총리와 관계 국무위원이 부서한다. 군사에 관한 것도 또한 같다.', 'default.png', 'img1.jpg/', '33', '#세제#샴푸#선물세트', 0, TO_DATE('20240213','YYYYMMDD'), TO_DATE('20240213','YYYYMMDD'), TO_DATE('20240222','YYYYMMDD'), 1, 1, 90000, 90000, '11:11:11:23', 0,'');
insert into shareServiceBoard values( sh_num.nextval, 'pie1124', '김파이1124', 'ott', '0', '대통령의 임기는 5년으로 하며, 중임할 수 없다. 제3항의 승인을...', '대통령은 취임에 즈음하여 다음의 선서를 한다. 국회는 국민의 보통·평등·직접·비밀선거에 의하여 선출된 국회의원으로 구성한다. 대통령은 제1항과 제2항의 처분 또는 명령을 한 때에는 지체없이 국회에 보고하여 그 승인을 얻어야 한다.', 'default.png', 'img2.jpg/', '4', '#게임팩#pc', 0, TO_DATE('20240214','YYYYMMDD'), TO_DATE('20240214','YYYYMMDD'), TO_DATE('20240223','YYYYMMDD'), 4, 2, 10000, 2500, '11:11:11:24', 0,'');
insert into shareServiceBoard values( sh_num.nextval, 'pie1125', '김파이1125', 'bookAndMusic', '0', '대법원은 법률에 저촉되지 아니하는 범위안에서 소송에 관한 절...', '대통령은 법률이 정하는 바에 의하여 사면·감형 또는 복권을 명할 수 있다. 형사피고인은 유죄의 판결이 확정될 때까지는 무죄로 추정된다. 법률안에 이의가 있을 때에는 대통령은 제1항의 기간내에 이의서를 붙여 국회로 환부하고, 그 재의를 요구할 수 있다. 국회의 폐회중에도 또한 같다.', 'default.png', 'img3.jpg/', '33', '#자켓#가을#체크', 0, TO_DATE('20240215','YYYYMMDD'), TO_DATE('20240215','YYYYMMDD'), TO_DATE('20240224','YYYYMMDD'), 2, 1, 100000, 50000, '11:11:11:25', 0,'');
insert into shareServiceBoard values( sh_num.nextval, 'pie1126', '김파이1126', 'game', '0', '훈장등의 영전은 이를 받은 자에게만 효력이 있고, 어떠한 특권...', '탄핵결정은 공직으로부터 파면함에 그친다. 그러나, 이에 의하여 민사상이나 형사상의 책임이 면제되지는 아니한다. 헌법에 의하여 체결·공포된 조약과 일반적으로 승인된 국제법규는 국내법과 같은 효력을 가진다.', 'default.png', 'img4.jpg/', '41', '#강아지#원단#베레모', 0, TO_DATE('20240216','YYYYMMDD'), TO_DATE('20240216','YYYYMMDD'), TO_DATE('20240225','YYYYMMDD'), 9, 5, 100000, 11112, '11:11:11:26', 0,'');
insert into shareServiceBoard values( sh_num.nextval, 'pie1127', '김파이1127', 'ott', '1', '헌법개정안은 국회가 의결한 후 30일 이내에 국민투표에 붙여 국...', '국회는 법률에 저촉되지 아니하는 범위안에서 의사와 내부규율에 관한 규칙을 제정할 수 있다. 행정각부의 장은 국무위원 중에서 국무총리의 제청으로 대통령이 임명한다.', 'default.png', 'img5.jpg/', '44', '#세제#샴푸#선물세트', 0, TO_DATE('20240217','YYYYMMDD'), TO_DATE('20240217','YYYYMMDD'), TO_DATE('20240226','YYYYMMDD'), 7, 6, 10000, 1429, '11:11:11:27', 0,'');
insert into shareServiceBoard values( sh_num.nextval, 'pie1128', '김파이1128', 'bookAndMusic', '1', '국회는 선전포고, 국군의 외국에의 파견 또는 외국군대의 대한민...', '모든 국민은 고문을 받지 아니하며, 형사상 자기에게 불리한 진술을 강요당하지 아니한다. 대통령이 임시회의 집회를 요구할 때에는 기간과 집회요구의 이유를 명시하여야 한다.', 'default.png', 'img6.jpg/', '9', '#게임팩#pc', 0, TO_DATE('20240218','YYYYMMDD'), TO_DATE('20240218','YYYYMMDD'), TO_DATE('20240227','YYYYMMDD'), 6, 5, 40000, 6667, '11:11:11:28', 0,'');
insert into shareServiceBoard values( sh_num.nextval, 'pie1129', '김파이1129', 'game', '1', '지방의회의 조직·권한·의원선거와 지방자치단체의 장의 선임방...', '공개하지 아니한 회의내용의 공표에 관하여는 법률이 정하는 바에 의한다. 제2항의 재판관중 3인은 국회에서 선출하는 자를, 3인은 대법원장이 지명하는 자를 임명한다.', 'default.png', 'img1.jpg/', '29', '#자켓#가을#체크', 0, TO_DATE('20240219','YYYYMMDD'), TO_DATE('20240219','YYYYMMDD'), TO_DATE('20240228','YYYYMMDD'), 8, 2, 30000, 3750, '11:11:11:29', 0,'');
insert into shareServiceBoard values( sh_num.nextval, 'pie1130', '김파이1130', 'ott', '0', '군인·군무원·경찰공무원 기타 법률이 정하는 자가 전투·훈련...', '국가는 노인과 청소년의 복지향상을 위한 정책을 실시할 의무를 진다. 대통령의 선거에 관한 사항은 법률로 정한다. 모든 국민은 헌법과 법률이 정한 법관에 의하여 법률에 의한 재판을 받을 권리를 가진다.', 'default.png', 'img2.jpg/', '31', '#강아지#원단#베레모', 0, TO_DATE('20240220','YYYYMMDD'), TO_DATE('20240220','YYYYMMDD'), TO_DATE('20240229','YYYYMMDD'), 4, 3, 10000, 2500, '11:11:11:30', 0,'');
insert into shareServiceBoard values( sh_num.nextval, 'pie1131', '김파이1131', 'bookAndMusic', '1', '대통령은 제3항과 제4항의 사유를 지체없이 공포하여야 한다....', '대법원장은 국회의 동의를 얻어 대통령이 임명한다. 군인 또는 군무원이 아닌 국민은 대한민국의 영역안에서는 중대한 군사상 기밀·초병·초소·유독음식물공급·포로·군용물에 관한 죄중 법률이 정한 경우와 비상계엄이 선포된 경우를 제외하고는 군사법원의 재판을 받지 아니한다.', 'default.png', 'img3.jpg/', '42', '#세제#샴푸#선물세트', 0, TO_DATE('20240221','YYYYMMDD'), TO_DATE('20240221','YYYYMMDD'), TO_DATE('20240301','YYYYMMDD'), 5, 1, 80000, 16000, '11:11:11:31', 0,'');
insert into shareServiceBoard values( sh_num.nextval, 'pie1132', '김파이1132', 'game', '0', '정당의 설립은 자유이며, 복수정당제는 보장된다. 연소자의 근로...', '재판의 전심절차로서 행정심판을 할 수 있다. 행정심판의 절차는 법률로 정하되, 사법절차가 준용되어야 한다. 대통령·국무총리·국무위원·행정각부의 장·헌법재판소 재판관·법관·중앙선거관리위원회 위원·감사원장·감사위원 기타 법률이 정한 공무원이 그 직무집행에 있어서 헌법이나 법률을 위배한 때에는 국회는 탄핵의 소추를 의결할 수 있다.', 'default.png', 'img4.jpg/', '15', '#게임팩#pc', 0, TO_DATE('20240222','YYYYMMDD'), TO_DATE('20240222','YYYYMMDD'), TO_DATE('20240302','YYYYMMDD'), 2, 1, 10000, 5000, '11:11:11:32', 0,'');
insert into shareServiceBoard values( sh_num.nextval, 'pie1133', '김파이1133', 'ott', '1', '국가는 노인과 청소년의 복지향상을 위한 정책을 실시할 의무를 ...', '국무총리는 국회의 동의를 얻어 대통령이 임명한다. 국무회의는 정부의 권한에 속하는 중요한 정책을 심의한다. 국회는 정부의 동의없이 정부가 제출한 지출예산 각항의 금액을 증가하거나 새 비목을 설치할 수 없다.', 'default.png', 'img5.jpg/', '35', '#자켓#가을#체크', 0, TO_DATE('20240223','YYYYMMDD'), TO_DATE('20240223','YYYYMMDD'), TO_DATE('20240303','YYYYMMDD'), 6, 5, 60000, 10000, '11:11:11:33', 0,'');
insert into shareServiceBoard values( sh_num.nextval, 'pie1134', '김파이1134', 'bookAndMusic', '1', '모든 국민은 인간다운 생활을 할 권리를 가진다. 대통령이 임시...', '감사원은 원장을 포함한 5인 이상 11인 이하의 감사위원으로 구성한다. 사면·감형 및 복권에 관한 사항은 법률로 정한다. 국회는 의원의 자격을 심사하며, 의원을 징계할 수 있다.', 'default.png', 'img6.jpg/', '38', '#강아지#원단#베레모', 0, TO_DATE('20240224','YYYYMMDD'), TO_DATE('20240224','YYYYMMDD'), TO_DATE('20240304','YYYYMMDD'), 1, 1, 20000, 20000, '11:11:11:34', 0,'');
insert into shareServiceBoard values( sh_num.nextval, 'pie1135', '김파이1135', 'game', '1', '모든 국민은 근로의 의무를 진다. 국가는 근로의 의무의 내용과 ...', '정당은 법률이 정하는 바에 의하여 국가의 보호를 받으며, 국가는 법률이 정하는 바에 의하여 정당운영에 필요한 자금을 보조할 수 있다. 군인은 현역을 면한 후가 아니면 국무위원으로 임명될 수 없다.', 'default.png', 'img1.jpg/', '46', '#세제#샴푸#선물세트', 1, TO_DATE('20240225','YYYYMMDD'), TO_DATE('20240225','YYYYMMDD'), TO_DATE('20240305','YYYYMMDD'), 9, 8, 100000, 11112, '11:11:11:35', 0,'');
insert into shareServiceBoard values( sh_num.nextval, 'pie1136', '김파이1136', 'ott', '0', '농업생산성의 제고와 농지의 합리적인 이용을 위하거나 불가피한...', '군사법원의 조직·권한 및 재판관의 자격은 법률로 정한다. 선거운동은 각급 선거관리위원회의 관리하에 법률이 정하는 범위안에서 하되, 균등한 기회가 보장되어야 한다.', 'default.png', 'img2.jpg/', '1', '#게임팩#pc', 1, TO_DATE('20240226','YYYYMMDD'), TO_DATE('20240226','YYYYMMDD'), TO_DATE('20240306','YYYYMMDD'), 7, 6, 70000, 10000, '11:11:11:36', 0,'');
insert into shareServiceBoard values( sh_num.nextval, 'pie1137', '김파이1137', 'bookAndMusic', '1', '국회에 제출된 법률안 기타의 의안은 회기중에 의결되지 못한 이...', '재산권의 행사는 공공복리에 적합하도록 하여야 한다. 모든 국민은 언론·출판의 자유와 집회·결사의 자유를 가진다. 재의의 요구가 있을 때에는 국회는 재의에 붙이고, 재적의원과반수의 출석과 출석의원 3분의 2 이상의 찬성으로 전과 같은 의결을 하면 그 법률안은 법률로서 확정된다.', 'default.png', 'img3.jpg/', '42', '#자켓#가을#체크', 1, TO_DATE('20240227','YYYYMMDD'), TO_DATE('20240227','YYYYMMDD'), TO_DATE('20240307','YYYYMMDD'), 6, 1, 60000, 10000, '11:11:11:37', 0,'');
insert into shareServiceBoard values( sh_num.nextval, 'pie1138', '김파이1138', 'game', '0', '제1항의 탄핵소추는 국회재적의원 3분의 1 이상의 발의가 있어야...', '공무원은 국민전체에 대한 봉사자이며, 국민에 대하여 책임을 진다. 국민경제자문회의의 조직·직무범위 기타 필요한 사항은 법률로 정한다. 대통령은 법률에서 구체적으로 범위를 정하여 위임받은 사항과 법률을 집행하기 위하여 필요한 사항에 관하여 대통령령을 발할 수 있다.', 'default.png', 'img4.jpg/', '6', '#강아지#원단#베레모', 1, TO_DATE('20240228','YYYYMMDD'), TO_DATE('20240228','YYYYMMDD'), TO_DATE('20240308','YYYYMMDD'), 7, 6, 90000, 12858, '11:11:11:38', 0,'');
insert into shareServiceBoard values( sh_num.nextval, 'pie1139', '김파이1139', 'ott', '0', '감사원은 세입·세출의 결산을 매년 검사하여 대통령과 차년도국...', '국회의원은 국회에서 직무상 행한 발언과 표결에 관하여 국회외에서 책임을 지지 아니한다. 연소자의 근로는 특별한 보호를 받는다. 국가유공자·상이군경 및 전몰군경의 유가족은 법률이 정하는 바에 의하여 우선적으로 근로의 기회를 부여받는다.', 'default.png', 'img5.jpg/', '2', '#세제#샴푸#선물세트', 1, TO_DATE('20240229','YYYYMMDD'), TO_DATE('20240229','YYYYMMDD'), TO_DATE('20240309','YYYYMMDD'), 8, 2, 30000, 3750, '11:11:11:39', 0,'');
insert into shareServiceBoard values( sh_num.nextval, 'pie1140', '김파이1140', 'bookAndMusic', '1', '국회가 재적의원 과반수의 찬성으로 계엄의 해제를 요구한 때에...', '국회의 정기회는 법률이 정하는 바에 의하여 매년 1회 집회되며, 국회의 임시회는 대통령 또는 국회재적의원 4분의 1 이상의 요구에 의하여 집회된다. 국회는 국무총리 또는 국무위원의 해임을 대통령에게 건의할 수 있다.', 'default.png', 'img6.jpg/', '0', '#게임팩#pc', 1, TO_DATE('20240301','YYYYMMDD'), TO_DATE('20240301','YYYYMMDD'), TO_DATE('20240310','YYYYMMDD'), 9, 8, 40000, 4445, '11:11:11:40', 0,'');
insert into shareServiceBoard values( sh_num.nextval, 'pie1141', '김파이1141', 'game', '1', '국회는 국정을 감사하거나 특정한 국정사안에 대하여 조사할 수 ...', '공무원의 직무상 불법행위로 손해를 받은 국민은 법률이 정하는 바에 의하여 국가 또는 공공단체에 정당한 배상을 청구할 수 있다. 이 경우 공무원 자신의 책임은 면제되지 아니한다.', 'default.png', 'img1.jpg/', '46', '#자켓#가을#체크', 1, TO_DATE('20240302','YYYYMMDD'), TO_DATE('20240302','YYYYMMDD'), TO_DATE('20240311','YYYYMMDD'), 8, 7, 20000, 2500, '11:11:11:41', 0,'');
insert into shareServiceBoard values( sh_num.nextval, 'pie1142', '김파이1142', 'ott', '0', '모든 국민은 법률이 정하는 바에 의하여 선거권을 가진다. 대통...', '대통령은 제4항과 제5항의 규정에 의하여 확정된 법률을 지체없이 공포하여야 한다. 제5항에 의하여 법률이 확정된 후 또는 제4항에 의한 확정법률이 정부에 이송된 후 5일 이내에 대통령이 공포하지 아니할 때에는 국회의장이 이를 공포한다.', 'default.png', 'img2.jpg/', '12', '#강아지#원단#베레모', 1, TO_DATE('20240303','YYYYMMDD'), TO_DATE('20240303','YYYYMMDD'), TO_DATE('20240312','YYYYMMDD'), 3, 1, 70000, 23334, '11:11:11:42', 0,'');
insert into shareServiceBoard values( sh_num.nextval, 'pie1143', '김파이1143', 'bookAndMusic', '1', '공무원인 근로자는 법률이 정하는 자에 한하여 단결권·단체교섭...', '대통령은 제3항과 제4항의 사유를 지체없이 공포하여야 한다. 대통령의 국법상 행위는 문서로써 하며, 이 문서에는 국무총리와 관계 국무위원이 부서한다. 군사에 관한 것도 또한 같다.', 'default.png', 'img3.jpg/', '27', '#세제#샴푸#선물세트', 1, TO_DATE('20240304','YYYYMMDD'), TO_DATE('20240304','YYYYMMDD'), TO_DATE('20240313','YYYYMMDD'), 4, 2, 90000, 22500, '11:11:11:43', 0,'');
insert into shareServiceBoard values( sh_num.nextval, 'pie1144', '김파이1144', 'game', '0', '대통령의 임기는 5년으로 하며, 중임할 수 없다. 제3항의 승인을...', '대통령은 취임에 즈음하여 다음의 선서를 한다. 국회는 국민의 보통·평등·직접·비밀선거에 의하여 선출된 국회의원으로 구성한다. 대통령은 제1항과 제2항의 처분 또는 명령을 한 때에는 지체없이 국회에 보고하여 그 승인을 얻어야 한다.', 'default.png', 'img4.jpg/', '41', '#게임팩#pc', 1, TO_DATE('20240305','YYYYMMDD'), TO_DATE('20240305','YYYYMMDD'), TO_DATE('20240314','YYYYMMDD'), 3, 1, 20000, 6667, '11:11:11:44', 0,'');
insert into shareServiceBoard values( sh_num.nextval, 'pie1145', '김파이1145', 'ott', '1', '대법원은 법률에 저촉되지 아니하는 범위안에서 소송에 관한 절...', '대통령은 법률이 정하는 바에 의하여 사면·감형 또는 복권을 명할 수 있다. 형사피고인은 유죄의 판결이 확정될 때까지는 무죄로 추정된다. 법률안에 이의가 있을 때에는 대통령은 제1항의 기간내에 이의서를 붙여 국회로 환부하고, 그 재의를 요구할 수 있다. 국회의 폐회중에도 또한 같다.', 'default.png', 'img5.jpg/', '28', '#자켓#가을#체크', 1, TO_DATE('20240306','YYYYMMDD'), TO_DATE('20240306','YYYYMMDD'), TO_DATE('20240315','YYYYMMDD'), 4, 3, 10000, 2500, '11:11:11:45', 0,'');
insert into shareServiceBoard values( sh_num.nextval, 'pie1146', '김파이1146', 'bookAndMusic', '1', '훈장등의 영전은 이를 받은 자에게만 효력이 있고, 어떠한 특권...', '탄핵결정은 공직으로부터 파면함에 그친다. 그러나, 이에 의하여 민사상이나 형사상의 책임이 면제되지는 아니한다. 헌법에 의하여 체결·공포된 조약과 일반적으로 승인된 국제법규는 국내법과 같은 효력을 가진다.', 'default.png', 'img6.jpg/', '13', '#강아지#원단#베레모', 1, TO_DATE('20240307','YYYYMMDD'), TO_DATE('20240307','YYYYMMDD'), TO_DATE('20240316','YYYYMMDD'), 8, 7, 80000, 10000, '11:11:11:46', 0,'');
insert into shareServiceBoard values( sh_num.nextval, 'pie1147', '김파이1147', 'game', '1', '헌법개정안은 국회가 의결한 후 30일 이내에 국민투표에 붙여 국...', '국회는 법률에 저촉되지 아니하는 범위안에서 의사와 내부규율에 관한 규칙을 제정할 수 있다. 행정각부의 장은 국무위원 중에서 국무총리의 제청으로 대통령이 임명한다.', 'default.png', 'img1.jpg/', '29', '#세제#샴푸#선물세트', 1, TO_DATE('20240308','YYYYMMDD'), TO_DATE('20240308','YYYYMMDD'), TO_DATE('20240317','YYYYMMDD'), 4, 2, 70000, 17500, '11:11:11:47', 0,'');
insert into shareServiceBoard values( sh_num.nextval, 'pie1148', '김파이1148', 'ott', '1', '국회는 선전포고, 국군의 외국에의 파견 또는 외국군대의 대한민...', '모든 국민은 고문을 받지 아니하며, 형사상 자기에게 불리한 진술을 강요당하지 아니한다. 대통령이 임시회의 집회를 요구할 때에는 기간과 집회요구의 이유를 명시하여야 한다.', 'default.png', 'img2.jpg/', '45', '#게임팩#pc', 1, TO_DATE('20240309','YYYYMMDD'), TO_DATE('20240309','YYYYMMDD'), TO_DATE('20240318','YYYYMMDD'), 10, 2, 20000, 2000, '11:11:11:48', 0,'');
insert into shareServiceBoard values( sh_num.nextval, 'pie1149', '김파이1149', 'bookAndMusic', '1', '지방의회의 조직·권한·의원선거와 지방자치단체의 장의 선임방...', '공개하지 아니한 회의내용의 공표에 관하여는 법률이 정하는 바에 의한다. 제2항의 재판관중 3인은 국회에서 선출하는 자를, 3인은 대법원장이 지명하는 자를 임명한다.', 'default.png', 'img3.jpg/', '32', '#자켓#가을#체크', 1, TO_DATE('20240310','YYYYMMDD'), TO_DATE('20240310','YYYYMMDD'), TO_DATE('20240319','YYYYMMDD'), 8, 7, 80000, 10000, '11:11:11:49', 0,'');
insert into shareServiceBoard values( sh_num.nextval, 'pie1150', '김파이1150', 'game', '0', '군인·군무원·경찰공무원 기타 법률이 정하는 자가 전투·훈련...', '국가는 노인과 청소년의 복지향상을 위한 정책을 실시할 의무를 진다. 대통령의 선거에 관한 사항은 법률로 정한다. 모든 국민은 헌법과 법률이 정한 법관에 의하여 법률에 의한 재판을 받을 권리를 가진다.', 'default.png', 'img4.jpg/', '48', '#강아지#원단#베레모', 1, TO_DATE('20240311','YYYYMMDD'), TO_DATE('20240311','YYYYMMDD'), TO_DATE('20240320','YYYYMMDD'), 2, 1, 100000, 50000, '11:11:11:50', 0,'');
insert into shareServiceBoard values( sh_num.nextval, 'pie1151', '김파이1151', 'ott', '0', '헌법개정안은 국회가 의결한 후 30일 이내에 국민투표에 붙여 국...', '대법원장은 국회의 동의를 얻어 대통령이 임명한다. 군인 또는 군무원이 아닌 국민은 대한민국의 영역안에서는 중대한 군사상 기밀·초병·초소·유독음식물공급·포로·군용물에 관한 죄중 법률이 정한 경우와 비상계엄이 선포된 경우를 제외하고는 군사법원의 재판을 받지 아니한다.', 'default.png', 'img5.jpg/', '45', '#세제#샴푸#선물세트', 1, TO_DATE('20240312','YYYYMMDD'), TO_DATE('20240312','YYYYMMDD'), TO_DATE('20240321','YYYYMMDD'), 9, 5, 40000, 4445, '11:11:11:51', 0,'');
insert into shareServiceBoard values( sh_num.nextval, 'pie1152', '김파이1152', 'bookAndMusic', '0', '국회는 선전포고, 국군의 외국에의 파견 또는 외국군대의 대한민...', '재판의 전심절차로서 행정심판을 할 수 있다. 행정심판의 절차는 법률로 정하되, 사법절차가 준용되어야 한다. 대통령·국무총리·국무위원·행정각부의 장·헌법재판소 재판관·법관·중앙선거관리위원회 위원·감사원장·감사위원 기타 법률이 정한 공무원이 그 직무집행에 있어서 헌법이나 법률을 위배한 때에는 국회는 탄핵의 소추를 의결할 수 있다.', 'default.png', 'img3.jpg/', '16', '#세제#샴푸#선물세트', 1, TO_DATE('20240312','YYYYMMDD'), TO_DATE('20240312','YYYYMMDD'), TO_DATE('20240321','YYYYMMDD'), 9, 4, 10000, 1112, '11:11:11:52', 0,'');
insert into shareServiceBoard values( sh_num.nextval, 'pie1153', '김파이1153', 'game', '1', '지방의회의 조직·권한·의원선거와 지방자치단체의 장의 선임방...', '국무총리는 국회의 동의를 얻어 대통령이 임명한다. 국무회의는 정부의 권한에 속하는 중요한 정책을 심의한다. 국회는 정부의 동의없이 정부가 제출한 지출예산 각항의 금액을 증가하거나 새 비목을 설치할 수 없다.', 'default.png', 'img4.jpg/', '49', '#세제#샴푸#선물세트', 0, TO_DATE('20240312','YYYYMMDD'), TO_DATE('20240312','YYYYMMDD'), TO_DATE('20240321','YYYYMMDD'), 1, 1, 100000, 100000, '11:11:11:53', 0,'');
insert into shareServiceBoard values( sh_num.nextval, 'pie1154', '김파이1154', 'ott', '0', '군인·군무원·경찰공무원 기타 법률이 정하는 자가 전투·훈련...', '감사원은 원장을 포함한 5인 이상 11인 이하의 감사위원으로 구성한다. 사면·감형 및 복권에 관한 사항은 법률로 정한다. 국회는 의원의 자격을 심사하며, 의원을 징계할 수 있다.', 'default.png', 'img5.jpg/', '19', '#세제#샴푸#선물세트', 1, TO_DATE('20240312','YYYYMMDD'), TO_DATE('20240312','YYYYMMDD'), TO_DATE('20240321','YYYYMMDD'), 7, 2, 30000, 4286, '11:11:11:54', 0,'');

update shareServiceBoard set SH_CATEGORY = 'OTT' where SH_CATEGORY = 'ott';
